juniper;17285
qualcomm;16503
cisco;10883
microsoft;9243
apple;5998
netgear;3140
zohocorp;2827
f5;2728
google;2647
intel;2605
oracle;2341
siemens;2202
dell;1940
fedoraproject;1921
ibm;1606
huawei;1548
liferay;1411
netapp;1321
adobe;1145
nvidia;1139
sap;1064
asus;912
amd;871
vmware;857
debian;843
gitlab;799
fatpipeinc;648
geutebrueck;576
lenovo;497
arubanetworks;486
fortinet;450
canonical;443
samsung;433
redhat;425
schneider-electric;421
apache;409
autodesk;325
hikvision;305
pulsesecure;303
mitsubishielectric;276
tibco;274
open-xchange;269
hitachi;266
mozilla;261
foxitsoftware;247
sonicwall;227
mitsubishi;221
mcafee;212
magento;210
weidmueller;208
wire;203
trendmicro;202
atlassian;197
linux;196
binatoneglobal;184
hpe;177
mediatek;177
paloaltonetworks;174
xerox;170
meritlilin;164
freebsd;138
zimbra;138
netmodule;135
jenkins;133
bosch;130
nextcloud;124
isc;123
microfocus;120
elecom;119
moxa;114
codesys;110
saltstack;109
hp;106
wago;105
digi;105
zoom;102
hashicorp;99
gpac;95
qnap;95
buffalo;93
digium;93
jetbrains;92
typelevel;91
phoenixcontact;90
dlink;89
zyxel;86
nxp;83
linuxfoundation;76
fujixerox;76
zte;75
acronis;73
sloan;71
broadcom;67
solarwinds;67
synology;67
jtekt;67
chiyu-tech;67
discourse;66
advantech;63
se;62
typo3;61
mediawiki;61
vaadin;59
pepperl-fuchs;56
citrix;55
cybozu;54
moodle;53
nec;52
abb;52
f-secure;52
gnu;50
fiberhome;49
eclipse;49
trendnet;46
antennahouse;46
altus;45
sharp-nec-display;44
blackberry;44
gallagher;44
emerson;44
envoyproxy;43
tenable;42
python;42
xen;42
bitnami;41
squid-cache;40
sixapart;39
qsan;39
ecoa;39
opendesign;38
electronjs;38
dahuasecurity;38
lightning_network_daemon_project;38
otrs;37
ti;37
opentext;37
wireshark;36
telegram;36
automattic;35
amazon;35
zephyrproject;35
deltaww;33
nagios;33
github;32
genua;32
torproject;32
esri;32
swftools;32
facebook;31
tp-link;31
thrivethemes;30
grafana;30
golang;30
hornerautomation;29
contao;29
vmare;28
proofpoint;28
couchbase;28
opennms;28
puppet;28
xwiki;27
nodejs;27
woocommerce;27
parallels;27
xstream_project;26
concretecms;26
bitovi;26
djangoproject;26
stormshield;26
nchsoftware;26
inhandnetworks;26
luxion;25
arm;25
sitecore;25
airangel;25
auerswald;25
gnome;24
groupsession;24
matrix;24
lantronix;24
elastic;24
rocket.chat;24
joomla;24
zh-jieli;24
suse;23
bitdefender;23
idemia;23
enalean;23
mongodb;22
fujielectric;22
fatek;22
salesagility;22
exiv2;22
kaseya;22
redis;22
alfresco;22
teradici;21
kaspersky;21
acquia;21
tuxera;21
ledgersmb;21
haproxy;21
openexr;20
requarks;20
hillrom;20
redmine;20
mahara;20
progress;20
comprotech;20
imagemagick;19
octopus;19
php;19
rubyonrails;19
checkpoint;19
skytable;19
vim;19
qemu;18
privoxy;18
redislabs;18
mitel;18
zammad;18
idec;18
squaredup;18
zzcms;18
postgresql;17
ec-cube;17
ckeditor;17
kubernetes;17
arista;17
busybox;17
ivanti;17
umbraco;17
auvesy;17
openstack;16
glpi-project;16
git-scm;16
combodo;16
schenider-electric;16
eaton;16
mendix;16
centreon;16
os4ed;16
wso2;16
zope;15
npmjs;15
open-emr;15
gradle;15
tendacn;15
cloudera;15
softing;15
x.org;15
actions-semi;15
ipfire;15
corel;15
movabletype;14
d-link;14
opensuse;14
totolink;14
plone;14
fidelissecurity;14
rusqlite_project;14
accusoft;13
hgiga;13
haxx;13
openssl;13
devolutions;13
ays-pro;13
misp;13
dotnetfoundation;13
axis;13
shopware;13
motorola;13
showdoc;13
webkitgtk;12
rpm;12
quarkus;12
nim-lang;12
att;12
pimcore;12
themeum;12
sophos;12
philips;12
cpanel;12
vembu;12
realtek;12
ruby-lang;12
istio;12
ory;12
dhis2;12
manageiq;12
jupyter;12
firefly-iii;12
lettre;12
qos;12
weseek;11
tipsandtricks-hq;11
onedev_project;11
catchplugins;11
casap_automated_enrollment_system_project;11
seeddms;11
chamilo;11
netmotionsoftware;11
irfanview;11
johnsoncontrols;11
tenda;11
sylabs;11
wordpress;11
ffmpeg;11
icinga;11
aruba;11
trane;11
snipeitapp;11
tableau;10
gryphonconnect;10
m-system;10
expresstech;10
myscada;10
supermicro;10
whatsapp;10
avaya;10
cncf;10
cohesity;10
pi-hole;10
cloverdx;10
drogon;10
bscw;10
bookstackapp;10
actix;10
jfrog;10
livehelperchat;10
nameko;10
metabase;10
goteleport;10
vitec;10
businessdnasolutions;10
racom;9
commscope;9
samba;9
theforeman;9
nttdocomo;9
octobercms;9
garrett;9
revive-adserver;9
ui;9
profilepress;9
wisc;9
dolibarr;9
mybb;9
restsharp;9
riot-os;9
veritas;9
ssh;9
symbiote;9
seopanel;9
varnish-cache;9
bitweaver;9
btcpayserver;9
lancom-systems;9
akkadianlabs;9
artica;9
sulu;9
tar_project;9
aveva;9
drupal;9
linuxptp_project;9
sela_project;9
logitec;8
yamaha;8
ntt-west;8
fibaro;8
laravel;8
datadoghq;8
sensiolabs;8
getgrav;8
openmage;8
iobit;8
anker;8
cloudfoundry;8
openwrt;8
rockwellautomation;8
sudo_project;8
owasp;8
10web;8
webnus;8
ninjaforms;8
strategy11;8
wp-buy;8
elementor;8
purethemes;8
wpdeveloper;8
chinamobile;8
ezxml_project;8
nozominetworks;8
tsmuxer_project;8
accellion;8
doctor_appointment_system_project;8
ypsomed;8
jpeg;8
sonatype;8
rsa;8
pomerium;8
windriver;8
remoteclinic;8
eng;8
nsa;8
mbconnectline;8
confluent;8
netscout;8
swisslog-healthcare;8
tcman;8
azeotech;8
engineers_online_portal_project;8
nomachine;8
projectworlds;8
draytek;7
contec;7
advancedcustomfields;7
docker;7
craftercms;7
flatcore;7
rancher;7
onlyoffice;7
ge;7
hcc-embedded;7
remotemouse;7
unisys;7
rust-lang;7
moddable;7
st;7
evm_project;7
spotweb_project;7
insyde;7
libtpms_project;7
lexmark;7
hitachienergy;7
naviwebs;7
stylemixthemes;7
netsarang;7
cloudflare;7
mattermost;7
frentix;7
nebulab;7
accops;7
baxter;7
snort;6
clamav;6
tecnick;6
aterm;6
basercms;6
zmartzone;6
contiki-ng;6
flatpak;6
netty;6
prestashop;6
apereo;6
gonitro;6
iris-go;6
keybase;6
cozmoslabs;6
clogica;6
yandex;6
motopress;6
libreoffice;6
sickrage;6
eprints;6
nokia;6
openplcproject;6
jasper_project;6
yubico;6
avast;6
serenityos;6
zoll;6
dynpg;6
vizio;6
westerndigital;6
live555;6
bab-technologie;6
siren;6
torchbox;6
jose_project;6
owncloud;6
emlog;6
zulip;6
faad2_project;6
djvulibre_project;6
prosody;6
icehrm;6
idrive;6
learningdigital;6
linecorp;6
akaunting;6
unicorn-engine;6
nch;6
tokio_project;6
bostonscientific;6
pagerduty;6
oroinc;6
pdftools_project;6
julialang;6
yetiforce;6
pydio;6
vehicle_service_management_system_project;6
xorux;6
sun;6
node-windows_project;6
machform;5
dogtagpki;5
hedgedoc;5
minio;5
brave;5
teluu;5
mariadb;5
libjxl_project;5
gitlogplus_project;5
mercedes-benz;5
posimyth;5
patreon;5
querysol;5
taogogo;5
youphptube;5
jerryscript;5
faststone;5
cesanta;5
rangerstudio;5
roundcube;5
netop;5
visualware;5
monicahq;5
mesalabs;5
datakit;5
json-smart_project;5
hitachiabb-powergrids;5
zend;5
piwigo;5
kde;5
tianocore;5
contiki-os;5
cesnet;5
thalesgroup;5
forgerock;5
invisioncommunity;5
librenms;5
aviatrix;5
freedesktop;5
cyrus;5
osgeo;5
creolabs;5
mit;5
ericsson;5
bytecodealliance;5
collabora;5
raspap;5
echobh;5
bbraun;5
cypress;5
oisf;5
xmlsoft;5
openvpn;5
akcp;5
larvata;5
planetargon;5
freeswitch;5
objection_project;5
vercel;5
canon;5
thedaylightstudio;5
hospital_management_system_project;5
openzeppelin;5
eyoucms;5
kimai;5
gerbv_project;5
spreecommerce;5
concrete5-legacy_project;5
montala;5
webtareas_project;5
barrier_project;5
starkbank;5
reprisesoftware;5
knime;5
gif2apng_project;5
bluez;4
salesforce;4
zeromq;4
acmailer;4
necplatforms;4
retty;4
sony;4
omron;4
alfasado;4
flarum;4
carrierwave_project;4
hyper;4
galette;4
anuko;4
openmicroscopy;4
mongo-express_project;4
greenplum;4
eic;4
llhttp;4
mercusys;4
totaljs;4
postcss;4
graphhopper;4
wolfssl;4
tms-outsource;4
brainstormforce;4
supsystic;4
bold-themes;4
autoptimize;4
admincolumns;4
bplugins;4
webfactoryltd;4
wpdevart;4
yop-poll;4
wpfront;4
wpxpo;4
wpdownloadmanager;4
booster;4
skyworthdigital;4
videolan;4
bludit;4
chainsafe;4
open5gs;4
magnolia-cms;4
alkacon;4
tuzitio;4
apostrophecms;4
darwin;4
if-me;4
afterlogic;4
hej;4
open-exchange;4
automox;4
xcb_project;4
denx;4
altn;4
mutare;4
appspace;4
snowsoftware;4
belden;4
hcltechsw;4
craftcms;4
pluck-cms;4
espressif;4
hongdian;4
soyal;4
php-fusion;4
vestacp;4
kopano;4
getkirby;4
getcomposer;4
ratpack_project;4
miraheze;4
puma;4
sysaid;4
kindsoft;4
ftsafe;4
web-school;4
jamf;4
seafile;4
intelbras;4
junhetec;4
podofo_project;4
htmly;4
opmantek;4
wowza;4
beyondtrust;4
cyberark;4
rapid7;4
klibc_project;4
pingidentity;4
sheetjs_project;4
smartertools;4
sitel-sa;4
sick;4
auth0;4
elabftw;4
pterodactyl;4
ballerina;4
edgexfoundry;4
zstack;4
dzzoffice;4
numpy;4
gnupg;4
techreborn;4
artifex;4
bkw;4
phone_shop_sales_management_system_project;4
northern.tech;4
sas;4
afian;4
libslirp_project;4
selinux_project;4
unit4;4
deskpro;4
prolink;4
dated_news_project;4
altova;4
libmobi_project;4
freerdp;4
eset;4
brizy;4
creative;4
wasm3_project;4
qt;4
cliniccases;4
primekey;4
online_enrollment_management_system_project;4
projectsend;4
datalust;4
nlnetlabs;4
globaldatingsoftware;4
xinheinformation;4
huaju;4
wpcloudplugins;4
vice;4
amzetta;4
goautodial;4
crypto;4
quest;4
dalmark;4
glfusion;4
starcharge;4
sangoma;4
netbsd;4
messagepack-rs_project;4
nervos;4
wibu;3
podman_project;3
upx_project;3
libpano13_project;3
daifukuya;3
yomi-search_project;3
qualitysoft;3
wordpress_popular_posts_project;3
nendeb;3
hilscher;3
nodered;3
lucee;3
pugjs;3
msgpack5_project;3
openapi-generator;3
mk-auth;3
librecad;3
pivotal_software;3
hr_portal_project;3
changjia_property_management_system_project;3
fastify;3
prismjs;3
yoast;3
givewp;3
boostifythemes;3
genetechsolutions;3
mooveagency;3
crocoblock;3
pickplugins;3
smartypantsplugins;3
wow-estore;3
ayecode;3
codecabin;3
gvectors;3
emarketdesign;3
premio;3
boldgrid;3
meowapps;3
dwbooster;3
amentotech;3
awplife;3
wpplugin;3
gtranslate;3
kibokolabs;3
thimpress;3
basixonline;3
litespeedtech;3
e-commerce_website_project;3
online_ordering_system_project;3
opencats;3
testes-codigo;3
adtran;3
publify_project;3
talkyard;3
phpgurukul;3
raw-cpuid_project;3
smartfoxserver;3
handysoft;3
redwood;3
avahi;3
nedi;3
student_record_system_project;3
cszcms;3
circutor;3
genesys;3
wazuh;3
teachers_record_management_system_project;3
tribalsystems;3
1password;3
nic;3
pelco;3
peel;3
openldap;3
paessler;3
expressionengine;3
opcfoundation;3
eyesofnetwork;3
foxit;3
easycorp;3
batflat;3
w1.fi;3
vehicle_parking_management_system_project;3
zabbix;3
ecobee;3
local_services_search_engine_management_system_project;3
textpattern;3
servicetonic;3
openbsd;3
compassplus;3
deltaflow_project;3
b2evolution;3
ca;3
fltk_project;3
gitea;3
silverstripe;3
get-simple;3
rconfig;3
dmasoftlab;3
invoiceplane;3
outsystems;3
xmbforum2;3
portswigger;3
alibaba;3
authelia;3
pydantic_project;3
flask-appbuilder_project;3
prometheus;3
alpinelinux;3
id-map_project;3
jazzband;3
aomedia;3
libcaca_project;3
symantec;3
yithemes;3
schedmd;3
facade;3
sisinformatik;3
openvpn-monitor_project;3
bluetrum;3
jumpserver;3
webmin;3
bitcoin;3
annexcloud;3
secomea;3
jump-technology;3
linaro;3
axiosys;3
sysjust;3
neos;3
sylius;3
fail2ban;3
linphone;3
element-it;3
optical_character_recognition_project;3
normalize-url_project;3
8x8;3
luca-app;3
onepeloton;3
invoiceninja;3
accela;3
millewin;3
neo4j;3
enbra;3
wp-upload-restriction_project;3
etherpad;3
gstreamer_project;3
dotcms;3
thruk;3
secom;3
yellowfinbi;3
thinkphp;3
online_covid_vaccination_scheduler_system_project;3
m-files;3
bookingcore;3
yourls;3
ctparental_project;3
rpcms;3
cradlepoint;3
phpfastcache;3
gurock;3
digitaldruid;3
huntflow;3
libgd;3
formtools;3
wipro;3
chikitsa;3
roxy-wi;3
parity;3
raspberrypi;3
bestpractical;3
tranquil;3
nascent;3
eigentech;3
ethereum;3
parseplatform;3
catchethq;3
django-helpdesk_project;3
miniftpd_project;3
elgg;3
cobbler_project;3
wuzhicms;3
akamai;3
pixeline;3
tinyfilemanager_project;3
jwt_project;3
jquery;3
redash;3
micron;3
forcepoint;3
archibus;3
tadtools_project;3
obsidian;3
tinyxml_project;3
online_event_booking_and_reservation_system_project;3
we-con;3
proof-of-stake_ethereum_project;3
govicture;3
fusionpbx;3
employee_record_management_system_project;3
osisoft;3
nodebb;3
uipath;3
chinasea;3
yejiao;3
cybelesoft;3
nix_project;3
telus;2
sqlite;2
mbsync_project;2
pygments;2
nettle_project;2
htmldoc_project;2
panasonic;2
wekan_project;2
soliton;2
gurunavi;2
recruit-holdings;2
nippon-antenna;2
kujirahand;2
overwolf;2
zettlr;2
nttr;2
atomtech;2
a-stage-inc;2
pluginus;2
jscom;2
inbody;2
nike;2
pysaml2_project;2
bigprof;2
openhab;2
oauth2_proxy_project;2
helm;2
adminer;2
systeminformation;2
matrix-react-sdk_project;2
vapor_project;2
vagrant_project;2
smartbear;2
xmldom_project;2
ampache;2
nanopb_project;2
jellyfin;2
prisma;2
discord-recon_project;2
dart;2
criticalmanufacturing;2
prosoft-technology;2
hyweb;2
lightbend;2
docsifyjs;2
go-proxyproto_project;2
adaltas;2
tyk;2
underscorejs;2
handlebarsjs;2
dns-packet_project;2
forms_project;2
std42;2
codeception;2
bikeshed_project;2
elfinder.netcore_project;2
object-path_project;2
immer_project;2
set-value_project;2
dotty_project;2
jsonpointer_project;2
botan_project;2
flippercode;2
cleantalk;2
gowebsolutions;2
adenion;2
connekthq;2
accesspressthemes;2
themeisle;2
algolplus;2
vm_backups_project;2
never5;2
wpshopmart;2
cm-wp;2
daggerhartlab;2
elbtide;2
ivorysearch;2
wpbakery_page_builder_clipboard_project;2
trumani;2
hasthemes;2
ideabox;2
blocksera;2
de-baat;2
wedevs;2
tagdiv;2
ultimatemember;2
lifterlms;2
deliciousbrains;2
smooth_scroll_page_up\/down_buttons_project;2
smartdatasoft;2
podsfoundation;2
veronalabs;2
tielabs;2
getastra;2
nextendweb;2
plugin-planet;2
web-dorado;2
fetchdesigns;2
draftpress;2
qantumthemes;2
wpbrigade;2
quantumcloud;2
smashballoon;2
videowhisper;2
wonderplugin;2
addtoany;2
igexsolutions;2
evona;2
geminilabs;2
offshorewebmaster;2
wpzoom;2
ffw;2
imagestowebp_project;2
bookingholdings;2
wpeverest;2
feataholic;2
onedesigns;2
wpkube;2
flat_preloader_project;2
creativemindssolutions;2
stopbadbots;2
tammersoft;2
shapedplugin;2
schiocco;2
mainwp;2
stylishpricelist;2
email_log_project;2
wprssaggregator;2
wpchill;2
simple_jwt_login_project;2
wordplus;2
asgaros;2
wclovers;2
storeapps;2
insert_pages_project;2
qr_redirector_project;2
get_custom_field_values_project;2
implecode;2
roundupwp;2
advanced_forms_project;2
wpserveur;2
fatcatapps;2
icegram;2
learning_management_system_project;2
travel_management_system_project;2
alumni_management_system_project;2
ftapi;2
gigaset;2
python-hyperkitty_project;2
collaboraoffice;2
baby_care_system_project;2
minthcm;2
void;2
servo;2
zivautomation;2
thoughtworks;2
arangodb;2
shuup;2
calibre-web_project;2
orchardcore;2
acdsee;2
smarty;2
livinglogic;2
ninjarmm;2
bandisoft;2
tobesoft;2
nhn-commerce;2
mitreid;2
doyocms_project;2
netis-systems;2
pandasecurity;2
talariax;2
godotengine;2
timelybills;2
isida;2
canarymail;2
wowonder;2
replaysorcery_project;2
henriquedornas;2
lightcms_project;2
online_reviewer_system_project;2
treasuredata;2
xn--b1agzlht;2
xilinx;2
exim;2
mikrotik;2
hestiacp;2
tencent;2
ssri_project;2
csphere;2
irzip_project;2
vertigis;2
url-parse_project;2
fudforum;2
phpgurukul_beauty_parlour_management_system_project;2
polarisoffice;2
kentico;2
pega;2
comrak_project;2
zint;2
coolkit;2
sitasoftware;2
sfcyazilim;2
msi;2
web_based_quiz_system_project;2
toodee_project;2
stack_dst_project;2
quinn_project;2
is-svg_project;2
forescout;2
netflix;2
draeger;2
froala;2
jbl;2
ok-file-formats_project;2
pupnp_project;2
aimeos_project;2
stackstorm;2
increments;2
mintty_project;2
entropymine;2
netmask_project;2
acexy;2
magpierss_project;2
lxml;2
shibboleth;2
fireeye;2
papoo;2
dovecot;2
microco;2
seacms;2
trestle-auth_project;2
discord;2
ghost;2
sabnzbd;2
dav-cogs_project;2
arenavec_project;2
reorder_project;2
phpseclib;2
liquidfiles;2
ocproducts;2
contribsys;2
zerof;2
samurai_project;2
wikimedia;2
razer;2
nats;2
centos-webpanel;2
ionic;2
cryptshare;2
vector35;2
xscreensaver_project;2
sipwise;2
jfinal;2
quectel;2
frontiersoftware;2
malwarefox;2
adiscon;2
dynamic_content_elements_project;2
mutt;2
cubecoders;2
sheetjs;2
localstack;2
maianscriptworld;2
emtec;2
hundredplus;2
octoprint;2
xfce;2
connectwise;2
smartstore;2
radare;2
dmg2img_project;2
deno;2
admidio;2
cxuu;2
ws_project;2
scandipwa;2
thephpleague;2
openproject;2
gatsbyjs;2
sourcegraph;2
archisteamfarm_project;2
crossbeam_project;2
express_handlebars_project;2
eq-3;2
inverse;2
fimer;2
aprelium;2
wikindx_project;2
abinitio;2
dh2i;2
covid19_testing_management_system_project;2
onyaktech_comments_pro_project;2
dutchcoders;2
putty;2
shopizer;2
cleo;2
naver;2
trim-newlines_project;2
kyma-project;2
dino;2
mobileiron;2
myfwc;2
ytnef_project;2
pandorafms;2
laiketui;2
miniaudio_project;2
issabel;2
phpmailer_project;2
trusteddomain;2
beckhoff;2
verygoodplugins;2
thycotic;2
teamviewer;2
aat;2
netlify;2
openwaygroup;2
kramerav;2
meross;2
2ndquadrant;2
naigos;2
barco;2
tpm2-tools_project;2
veeam;2
skale;2
care2x;2
fossil-scm;2
xen-orchestra;2
fetchmail;2
verint;2
miniupnp_project;2
tiki;2
kooboo;2
cmsuno_project;2
synel;2
blackboard;2
zendesk;2
miniorange;2
femanager_project;2
helpsystems;2
knx;2
ciphercoin;2
tarteaucitron.js_-_cookies_legislation_\&_gdpr_project;2
yiiframework;2
wpwave;2
monitorapp;2
matio_project;2
qpdf_project;2
poly;2
ros;2
opengamepanel;2
customer_relationship_management_system_project;2
atomicparsley_project;2
jflyfox;2
baidu;2
online_student_admission_system_project;2
jhu;2
wpcerber;2
microchip;2
tmerc-cogs_project;2
grandstream;2
graylog;2
gilacms;2
pengutronix;2
semver-regex_project;2
ansi-regex_project;2
corero;2
set_user_project;2
nltk;2
spomky-labs;2
ni;2
redux;2
windyroad;2
nested_pages_project;2
logitech;2
openbaraza;2
pluxml;2
stanford;2
compo;2
online_catering_reservation_system_project;2
simple_water_refilling_station_management_system_project;2
detect-character-encoding_project;2
jupyterhub;2
misskey;2
remark;2
xerosecurity;2
duogeek;2
optinmonster;2
redaxo;2
libxsmm_project;2
kimai2_project;2
squashfs-tools_project;2
securitashome;2
meetecho;2
gibbonedu;2
rittal;2
blackmagicdesign;2
cryptopp;2
talend;2
clementine-player;2
anydesk;2
getid3;2
bopsoft;2
mobyproject;2
mruby;2
vyper_project;2
scrapy;2
rasa;2
qutebrowser;2
graphql;2
device42;2
polycom;2
beeline;2
rare-technologies;2
pyo_project;2
tad_book3_project;2
tad_uploader_project;2
online-shopping-system-advanced_project;2
e-negosyo_system_project;2
yonyou;2
onionshare;2
socomec;2
portainer;2
strongswan;2
abantecart;2
django-unicorn;2
allegro;2
rcdevs;2
skhynix;2
4mosan;2
embedthis;2
myfactory;2
unicode;2
nothings;2
trustwave;2
eltima;2
flexihub;2
donglify;2
simple_subscription_website_project;2
renesas;2
meddata;2
iresturant_project;2
iorder_project;2
alquistai;2
pega-sus;2
pixxio;2
job_fair_project;2
fruity_project;2
inveniosoftware;2
patrowl;2
jsx-slack_project;2
humhub;2
webhmi;2
teampasswordmanager;2
zrlog;2
claris;2
attendance_management_system_project;2
bus_pass_management_system_project;2
tmate;2
schildi;2
kb;2
digitalocean;2
catfish-cms;2
nasm;2
webassembly;2
safarimontage;2
csv-sniffer_project;2
netgen;2
assimp;2
risc-v;1
duo;1
jsdom_project;1
jquery-plugin-query-object_project;1
jquery-sparkle_project;1
backbone-query-parameters_project;1
jquery-bbq_project;1
acemetrix;1
mootools;1
purl_project;1
lucyparsonslabs;1
fasterxml;1
spice_project;1
getdata_project;1
libjpeg-turbo;1
stunnel;1
kiali;1
storage_project;1
libspf2;1
skygroup;1
name_directory_project;1
ntt-tx;1
paidmembershipspro;1
magazinegerz_project;1
click-ranker;1
eikisoft;1
wpfastestcache;1
fujitsu;1
mailform01_project;1
telop01_project;1
calendar01_project;1
asken;1
collne;1
inkdrop;1
ikalka_rss_reader_project;1
gu-global;1
codemiq;1
wp-currency;1
softbank;1
voidtools;1
shiro8;1
activefusions;1
og_tags_project;1
soda-inc;1
mercari;1
saasproject;1
xml-sitemaps;1
delitestudio;1
rwtxt_project;1
browser_and_operating_system_finder_project;1
spring-boot-actuator-logview_project;1
kamadak-exif_project;1
courtbouillon;1
git_large_file_storage_project;1
httplib2_project;1
flask-security-too_project;1
jqueryvalidation;1
onlinevotingsystem_project;1
schema-inspector_project;1
keymaker_project;1
tendermint;1
deislabs;1
report_project;1
polrproject;1
peerigon;1
rsshub;1
wwbn;1
mechanize_project;1
traccar;1
fleetdm;1
dynamoosejs;1
marked_project;1
nextauth.js;1
less-openui5_project;1
uap-core_project;1
fastify-reply-from_project;1
fastify-http-proxy_project;1
ratcf;1
aiohttp_project;1
spnego_http_authentication_module_project;1
elementary;1
shescape_project;1
mifos;1
apkleaks_project;1
wrongthink;1
buddypress;1
kongchuanhujiao_project;1
syncthing;1
filecoin;1
\@thi.ng\/egf_project;1
isolated-vm_project;1
django-registration_project;1
fluidsynth;1
eventlet;1
stripe;1
node-etsy-client_project;1
projen_project;1
mirahezebots;1
go-vela;1
3mf;1
opener_project;1
mz-automation;1
genivia;1
komoot;1
disc-soft;1
poweriso;1
ribbonsoft;1
dreamreport;1
exiftool_project;1
ntpsec;1
baserow;1
busch-jaeger;1
brocade;1
glasswire;1
openresty;1
oppo;1
opera;1
gargoyle-router;1
the-guild;1
fusioncharts;1
iniparserjs_project;1
getadigital;1
sencha;1
is-user-valid_project;1
lodash;1
path-parse_project;1
thecodingmachine;1
html-parse-stringify_project;1
portprocesses_project;1
madge_project;1
parall;1
ps-kill_project;1
kill-process-by-name_project;1
port-killer_project;1
killport_project;1
kill-by-port_project;1
browserslist_project;1
swiperjs;1
chrono-node_project;1
ps-visitor_project;1
psnode_project;1
ffmpegdotjs_project;1
onion-oled-js_project;1
picotts_project;1
portkiller_project;1
roar-pidusage_project;1
killing_project;1
koa-remove-trailing-slashes_project;1
trailing-slash_project;1
calipso_project;1
locutus;1
flask_unchained_project;1
nedb_project;1
lutils_project;1
react-bootstrap-table_project;1
wincred_project;1
nodemailer;1
flask-user_project;1
record-like-deep-assign_project;1
ts-nodash_project;1
sqlite-web_project;1
pac-resolver_project;1
elfinder.net.core_project;1
anchorme_project;1
jszip_project;1
videojs;1
elfinder.aspnet_project;1
curly-bracket-parser_project;1
deepmergefn_project;1
glances_project;1
open-graph_project;1
merge-change_project;1
ansi-html_project;1
trim-off-newlines_project;1
proto_project;1
transpile_project;1
startserver_project;1
joplinapp;1
mootools_project;1
algolia;1
thoughtbot;1
mpath_project;1
file-upload-with-preview_project;1
cookiex-deep_project;1
adonisjs;1
client;1
datatables;1
handsontable;1
teddy_project;1
config-handler_project;1
vm2_project;1
binaryops;1
h2database;1
bootstrap_table_project;1
parse-link-header_project;1
json-ptr_project;1
c2fo;1
tiny;1
markdown_to_pdf_project;1
html-to-csv_project;1
sey_project;1
pekeupload_project;1
merge-deep2_project;1
ssrf-agent_project;1
celeryproject;1
quobject;1
ajaxpro.2_project;1
tempura_project;1
http-server-node_project;1
nette;1
unisharp;1
oculus;1
azure-iot-cli-extension;1
sgx_tstd_project;1
blubrry;1
terryl;1
contact_form_submissions_project;1
enviragallery;1
caseproof;1
wpdarko;1
themify;1
activecampaign;1
constantcontact;1
axelerant;1
ajdg;1
sigmaplugin;1
premiumwpsuite;1
contact_form_7_database_addon;1
inspireui;1
likebtn-like-button_project;1
sygnoos;1
themeeditor;1
backup-guard;1
testimonial_rotator_project;1
rocklobster;1
web-stat;1
easy_contact_form_pro_project;1
database-backups_project;1
jh_404_logger_project;1
webdesi9;1
sitemap_project;1
kiboit;1
wphive;1
wpruby;1
williamluis;1
n5_upload_form_project;1
easy-form-builder-by-bitware_project;1
accessally;1
boxystudio;1
imagements_project;1
aivahthemes;1
wp-eventmanager;1
classyfrieds_project;1
college_publisher_import_project;1
leap13;1
wpmet;1
webtechstreet;1
livemeshelementor;1
apollo13themes;1
themesgrove;1
sinaextra;1
dethemekit_for_elementor_project;1
codeinitiator;1
cleversoft;1
wpuslugi;1
kaswara_project;1
cars-seller-auto-classifieds-script_project;1
acymailing;1
imagely;1
mlfactory;1
ibenic;1
catzsoft;1
bluemedicinelabs;1
neox;1
jiangqie;1
targetfirst;1
aioseo;1
weekly_schedule_project;1
external_media_project;1
goprayer;1
wowthemes;1
cartflows;1
content_copy_protection_\&_prevent_image_save_project;1
zavedil;1
video-embed-box_project;1
xllentech;1
jnews;1
iflychat;1
easy_preloader_project;1
sendit_project;1
stock_in_\&_out_project;1
gallery_from_files_project;1
bestwebsoft;1
fooplugins;1
kohsei-works;1
wp_config_file_editor_project;1
radykal;1
rsvpmaker_project;1
stockware;1
wphappycoders;1
shantz_wordpress_qotd_project;1
beardev;1
ninjateam;1
kubiq;1
contempothemes;1
e4j;1
chimpgroup;1
alipay_project;1
cashtomer_project;1
swiftcrm;1
comment_highlighter_project;1
easy_testimonial_manager_project;1
geekwebsolution;1
bestiaweb;1
activemedia;1
webpsilon;1
ombu;1
wp-display-users_project;1
wp-domain-redirect_project;1
solvercircle;1
wpagecontact_project;1
wp-board_project;1
izsoft;1
telugu_bible_verse_daily_project;1
social_tape_project;1
video_player_for_youtube_project;1
wp_youtube_lyte_project;1
eyecix;1
salonbookingsystem;1
optimocha;1
language_bar_flags_project;1
codeblab;1
gambit;1
realfavicongenerator;1
sharethis;1
prothemedesign;1
kainelabs;1
taxopress;1
silkypress;1
export_users_with_meta_project;1
include_me_project;1
verse-o-matic_project;1
leaflet_map_project;1
bozdoz;1
yada_wiki_project;1
youtube_embed_project;1
awesome_weather_widget_project;1
steam_group_viewer_project;1
migrate_users_project;1
bookshelf_project;1
drawblog_project;1
event_geek_project;1
any_hostname_project;1
wp-special-textboxes_project;1
sanskruti;1
email_artillery_project;1
fileviewer_project;1
handsome_testimonials_\&_reviews_project;1
ingenesis;1
marmoset;1
community_events_project;1
satollo;1
thememason;1
wplearnmanager;1
madeit;1
a3rev;1
mf_gig_calendar_project;1
dpl;1
web-settler;1
vfbpro;1
origincode;1
planso;1
vikwp;1
coderstimes;1
daily_prayer_time_project;1
getshortcodes;1
wpmanageninja;1
alojapro;1
wpcharitable;1
phonetrack;1
light_messages_project;1
custom_login_redirect_project;1
shareaholic;1
current_book_project;1
dazzlersoftware;1
jquery-reply-to-comment_project;1
wp_html_author_bio_project;1
extendify;1
kn_fix_your_title_project;1
mimetic;1
aceide_project;1
broken_link_manager_project;1
edit_comments_project;1
simple_events_calendar_project;1
timeline_calendar_project;1
freelancetoindia;1
roosty;1
email-subscriber_project;1
nimble3;1
3.7designs;1
frontend_uploader_project;1
contact_form_7_captcha_project;1
hu-manity;1
harmonicdesign;1
simple_banner_project;1
techearty;1
themeboy;1
blue-admin_project;1
thinktwit_project;1
zeesweb;1
cozyvision;1
gdprinfo;1
dna88;1
yoohooplugins;1
business_hours_indicator_project;1
wp_cookie_choice_project;1
itservicejung;1
you-shang_project;1
wp-webhooks;1
wp_dialog_project;1
hmplugin;1
custom_post_view_generator_project;1
wooassist;1
wp_mapa_politico_espana_project;1
keyword_meta_project;1
sociable_project;1
dfactory;1
oz-plugin;1
wechat_reward_project;1
gamepress_project;1
wbolt;1
simple-e-commerce-shopping-cart_project;1
stratospheredigital;1
ticket-system;1
sonaar;1
chameleon_css_project;1
g_auto-hyperlink_project;1
wow-company;1
post_content_xmlrpc_project;1
schreikasten_project;1
unlimited_popups_project;1
bootstrapped;1
print_my_blog_project;1
fontsplugin;1
gutenslider;1
scroll_banner_project;1
wp_map_block_project;1
cookie-bar_project;1
limit_login_attempts_project;1
erident_custom_login_and_dashboard_project;1
game-server-status_project;1
simple_schools_staff_directory_project;1
podlove;1
simplygallery;1
status301;1
mx_time_zone_clocks_project;1
genie_wp_favicon_project;1
codesolz;1
find_my_blocks_project;1
cminds;1
coinmarketstats;1
wptravelengine;1
duplicatepro;1
teamlead;1
easy_media_download_project;1
incsub;1
quiz_tool_lite_project;1
metagauss;1
qwizcards_project;1
wp_all_export_project;1
print-o-matic_project;1
soflyy;1
wp_sitemap_page_project;1
automatorwp;1
reputeinfosystems;1
kriesi;1
loco_translate_project;1
wpreactions;1
wpsimplebookingcalendar;1
infornweb;1
dearhive;1
radiustheme;1
secondlinethemes;1
cimatti;1
cleverplugins;1
mandsconsulting;1
kazencoders;1
plugins-market;1
generateblocks;1
starfish;1
mycred;1
wp_system_log_project;1
pdf.js_viewer_project;1
pdf_viewer_block_for_gutenberg_project;1
404_to_301_project;1
fullworks;1
permalink_manager_lite_project;1
inspirational_quote_rotator_project;1
xwp;1
wp_performance_score_booster_project;1
wp_debugging_project;1
single_post_exporter_project;1
imagesourcecontrol;1
flex_local_fonts_project;1
publishpress;1
wp_admin_logo_changer_project;1
great-quotes_project;1
webventures;1
batch_cat_project;1
contact_form_advanced_database_project;1
wpeden;1
etruel;1
connections-pro;1
phoeniixx;1
my_tickets_project;1
tickera;1
androidbubbles;1
wp_survey_plus_project;1
gesundheit-bewegt;1
shoppagewp;1
e-dynamics;1
phoenix_media_rename_project;1
ultimate_nofollow_project;1
wp_limits_project;1
page\/post_content_shortcode_project;1
stylishcostcalculator;1
mlcalc;1
advanced_access_manager_project;1
wp_seo_redirect_301_project;1
codesupply;1
helpful_project;1
bulk_datetime_change_project;1
wpaffiliatemanager;1
improved_include_page_project;1
ni_woocommerce_custom_order_status_project;1
frenify;1
mousewheel_smooth_scroll_project;1
display_post_metadata_project;1
nocean;1
user_meta_shortcodes_project;1
bannersky;1
quotes_collection_project;1
wpdataaccess;1
tribulant;1
essentialplugin;1
imageboss;1
calderaforms;1
media-tags_project;1
typebot;1
tawk;1
contest_gallery;1
my_calendar_project;1
bookly_project;1
wp_google_fonts_project;1
likebtn;1
themehunk;1
plugins360;1
strangerstudios;1
gwolle_guestbook_project;1
wpwax;1
wpovernight;1
buttonizer;1
wp-guppy;1
updraftplus;1
booking_calendar_project;1
content_management_system_project;1
sales_and_inventory_system_project;1
victor_cms_project;1
responsive_ordering_system_project;1
theme_park_ticketing_system_project;1
belkin;1
house_rental_and_property_listing_php_project;1
online_doctor_appointment_system_php_full_source_code_project;1
ucms_project;1
node-red-contrib-huemagic_project;1
lazy-init_project;1
glsl-layout_project;1
cache_project;1
av-data_project;1
bra_project;1
basic_dsp_matrix_project;1
containers_project;1
fil-ocl_project;1
set-or-get_project;1
fireblink;1
changeset_project;1
patchmerge_project;1
safe-flat_project;1
manta;1
deep-override_project;1
101_project;1
deep-defaults_project;1
js-extend_project;1
nconf-toml_project;1
nestie_project;1
expand-hash_project;1
set-getter_project;1
xml2dict_project;1
just-safe-set_project;1
putil-merge_project;1
opencrx;1
okfn;1
django-wiki_project;1
hexo;1
library_system_project;1
fantastic_blog_project;1
fantastic_blog_cms_project;1
simple_college_website_project;1
eslint-fixer_project;1
godaddy;1
cdr_project;1
marc_project;1
gitlog_project;1
wayfair;1
unidocs;1
dreamsecurity;1
mangboard;1
iptime;1
squarebox;1
merge-deep_project;1
openenergymonitor;1
linkedin;1
jenzabar;1
wpdatatables;1
playtuber_project;1
oryx-embedded;1
frogcms_project;1
hametech;1
omeka;1
user_management_system_in_php_stored_procedure_project;1
gog;1
car_rental_portal_project;1
jitsi;1
markdown2_project;1
dm_fingertool_project;1
priority-software;1
znote;1
sthttpd_project;1
poweradmin;1
firejail_project;1
libmailcore;1
nopcommerce;1
bitmessage;1
probot;1
horde;1
calamine_project;1
ms3d_project;1
postscript_project;1
qwutils_project;1
sercomm;1
invisible-island;1
samba-client_project;1
cira;1
get-ip-range_project;1
endian;1
dekart;1
steghide_project;1
pystemon_project;1
obss;1
dataiku;1
shinobi;1
mumble;1
blackcat-cms;1
x2engine;1
ua-parser-js_project;1
konghq;1
4homepages;1
yeastar;1
frendi;1
triconsole;1
kollectapp;1
faraday;1
ilch;1
boltcms;1
containous;1
nb-connect_project;1
yottadb;1
rand_core_project;1
scrapbox-parser_project;1
unified-automation;1
urijs_project;1
learnsite_project;1
genymobile;1
yealink;1
openmaint;1
nsasoft;1
fusionauth;1
qibosoft;1
libexif_project;1
shopxo;1
mediateknet;1
in4velocity;1
libxls_project;1
libvips_project;1
checkbox;1
ymfe;1
e107;1
docker_dashboard_project;1
percona;1
galeracluster;1
irislink;1
lumis;1
pfsense;1
adguard;1
openark;1
squirro;1
boonex;1
max-3000;1
stb_project;1
bam_project;1
truetype_project;1
scratchpad_project;1
nano_arena_project;1
byte_struct_project;1
internment_project;1
ossec;1
deutschepost;1
group-office;1
popojicms;1
ikuai8;1
jamovi;1
impresscms;1
entrouvert;1
okta;1
ougc_feedback_project;1
twinkletray;1
virtual_robots.txt_project;1
strapi;1
drweb;1
lucysecurity;1
clipper_project;1
telerik;1
citsmart;1
camunda;1
acexy_wireless-n_wifi_repeater_project;1
mitake;1
pbootcms;1
seceon;1
diesel;1
spdk;1
throughtek;1
tt-rss;1
myvestacp;1
vhs_project;1
orangehrm;1
devise_masquerade_project;1
webrtc_project;1
powerarchiver;1
apple-swift-format_project;1
swiftlint_project;1
swiftformat_project;1
swift_development_environment_project;1
lextudio;1
shellcheck_project;1
roonlabs;1
vim_project;1
kramdown_project;1
mobatek;1
j2eefast;1
libretro;1
fork-cms;1
cmsmadesimple;1
c\/c\+\+_advanced_lint_project;1
bit_project;1
git-bug_project;1
sass_lint_project;1
manageengine;1
perforce;1
wpmailster;1
plixer;1
zarafa;1
genexis;1
pixelimity;1
color-string_project;1
vfsjfilechooser2_project;1
mpmath;1
arcgis;1
haserl_project;1
erlang;1
microseven;1
svelte;1
sherlockim;1
remark42;1
ronomon;1
uclouvain;1
ovidentia;1
shipment_100-design_material_download_system_project;1
gnuplot_project;1
cheetah_browser_project;1
eterna;1
pearadmin;1
equipment_inventory_system_project;1
budget_management_system_project;1
netexplorer;1
nordicsemi;1
gitjacker_project;1
pikepdf_project;1
net\;1
scratchoauth2_project;1
nextcloud\/dialogs_project;1
manydesigns;1
curveballjs;1
matrix-media-repo_project;1
grassroot;1
wrongthink_project;1
cygwin;1
redis.js;1
xz_project;1
cumulative-distribution-function_project;1
highcharts;1
mixme_project;1
kennnyshiwa-cogs_project;1
bubble_fireworks_project;1
warnsystem_project;1
wp-cli;1
genivi;1
asynkron;1
reportportal;1
gistpad_project;1
stackpath;1
vscode-rufo_project;1
data\;1
course_registration_management_system_project;1
endian_trait_project;1
parse_duration_project;1
insert_many_project;1
uu_od_project;1
rocket;1
adtensor_project;1
telemetry_project;1
slice-deque_project;1
stackvector_project;1
through_project;1
marktext;1
latrix_project;1
md4c_project;1
agenziaentrate;1
stableyieldcredit_project;1
vigra_computer_vision_library_project;1
novel_boutique_house-plus_project;1
seal_finance_project;1
getlaminas;1
gris_cms_project;1
webfairy;1
feehi;1
greyware;1
vscode-phpmd_project;1
lightmeter;1
terra-master;1
ripgrep_project;1
axiossystems;1
friendica;1
mpv;1
edimax;1
ruiyanai;1
phpnuke;1
ipeak;1
cern;1
lanproxy_project;1
ispconfig;1
rukovoditel;1
jsrsasign_project;1
librit;1
git-big-picture_project;1
evolucare;1
outer_cgi_project;1
voipmonitor;1
omicronenergy;1
valvesoftware;1
isomorphic-git;1
simple_glasgow_haskell_compiler_project;1
glsl_linting_project;1
netsia;1
multilaser;1
please_project;1
pleaseedit_project;1
umask_project;1
proxy.py_project;1
medicalexpo;1
zetetic;1
ncr;1
newtarget;1
openmptcprouter;1
1c;1
sean-barton;1
mubu;1
tcmu-runner_project;1
2n;1
flutterchina;1
rpm_spec_project;1
dolby;1
netshieldcorp;1
arlo;1
i-doit;1
home-assistant;1
landray;1
pwndoc_project;1
xmlhttprequest-ssl_project;1
aca;1
silabs;1
mi;1
bluetooth;1
shapeshift;1
slab;1
churchdesk;1
gestsup;1
missionlabs;1
pgsync_project;1
automatedlogic;1
react_draft_wysiwyg_project;1
npupnp_project;1
chevereto;1
akuvox;1
kitesky;1
myq-solution;1
splinterware;1
media2click_project;1
gglocker_project;1
sentrysoftware;1
nightowlsp;1
directum;1
pvrsrvkm.ko_project;1
secureauth;1
leocad;1
files;1
layer5;1
ysoft;1
phplist;1
async-git_project;1
infinispan;1
rkyv_project;1
pexip;1
concerto-signage;1
algorithmica_project;1
nuvoton;1
protectimus;1
webware;1
hexagon;1
fhir;1
fire.ly;1
neomutt;1
s3scanner_project;1
dedecms;1
re-logic;1
veritystream;1
zebra;1
bloodhound_project;1
icecoder;1
cs-cart;1
psyonix;1
fogproject;1
pagekit;1
grame;1
xfig_project;1
hcxtools_project;1
linuxsampler;1
lief-project;1
libiff_project;1
pbrt_project;1
websvn;1
e-learning_system_project;1
wfiltericf;1
libsndfile_project;1
kaco-newenergy;1
mcusystem;1
artware_cms_project;1
igt\+_project;1
pywin32_project;1
kuaifan;1
mrdoc;1
specotech;1
express-cart_project;1
qa-themes;1
zzzcms;1
antisip;1
i-doo;1
1cdn_project;1
flask-security_project;1
keystonejs;1
nimble-project;1
pajbot;1
uninett;1
tenancy;1
datasette;1
reg-keygen-git-hash_project;1
fastapi_project;1
togatech;1
apollosapp;1
striptags_project;1
pressbooks;1
powermux_project;1
check-spelling;1
thinkjs;1
stellar;1
addressable_project;1
muwire_project;1
ethercreative;1
flowdroid_project;1
objectcomputing;1
racket-lang;1
projectcontour;1
fortics;1
tekmonks;1
traefik;1
protonmail;1
haml-coffee_project;1
squirrelly;1
hbs_project;1
bindata_project;1
bblfshd_project;1
proxyee-down_project;1
mock-server;1
haikuforteams;1
emby;1
flask-restx_project;1
sqlparse_project;1
zen-cart;1
o-dyn;1
flask-caching_project;1
labcup;1
hyperkitty_project;1
sagemcom;1
vmd_project;1
klogserver;1
emqx;1
octavolabs;1
nagvis;1
pgxn;1
hms-networks;1
fibranet;1
ovation;1
winscp;1
jpress;1
sensepost;1
hide_thread_content_project;1
cubecart;1
blocklancertoken_project;1
eterm_project;1
mrxvt_project;1
rxvt-unicode_project;1
rxvt_project;1
delete_account_project;1
falco;1
mantisbt;1
boa;1
koel;1
dragonfly_project;1
postbird_project;1
pixar;1
reiner-sct;1
inspircd;1
css-what_project;1
labapart;1
navercorp;1
openeuler;1
douco;1
rstudio;1
atomisystems;1
cuppacms;1
ansi_up_project;1
fortilogger;1
height8tech;1
bdew;1
gespage;1
jdom;1
sing4g;1
th-wildau;1
websockets_project;1
openthread;1
etinet;1
pryaniki;1
microweber;1
virustotal;1
matroska;1
keylime;1
edgegallery;1
nica;1
basic_shopping_cart_project;1
simple_food_website_project;1
fromsoftware;1
newlib_project;1
doft;1
robotbtc_project;1
b2x_project;1
the_fuck_project;1
refined-github_project;1
thekelleys;1
netsetman;1
kadenvodomery;1
fluentforms;1
weblizar;1
sendgrid;1
ipdgroup;1
seo_backlinks_project;1
youtube_feeder_project;1
sola-newsletters_project;1
post_index_project;1
securimage-wp-fixed_project;1
seopress;1
followistic;1
skaut-bazar_project;1
multiplayer-plugin_project;1
wpeasycart;1
simple-behace-portfolio_project;1
eideasy;1
scribblemaps;1
wp_fountain_project;1
custom_post_type_relations_project;1
wp_songbook_project;1
typofr_project;1
keszites;1
sizmic;1
arvtard;1
moova;1
wp_seo_tags_project;1
add_sidebar_project;1
calendar_plugin_project;1
devowl;1
gov;1
slapi-nis_project;1
valine.js;1
checksec;1
on24;1
quassel-irc;1
jhead_project;1
ovn;1
orckestra;1
fisco-bcos;1
antisamy_project;1
minecraft;1
drk-odenwaldkreis;1
testzentrum-odw;1
pdfresurrect_project;1
pattersondental;1
theologeek;1
lz4_project;1
gitpod;1
maxsite;1
ptcl;1
scalabium;1
gestionaleamica;1
tcl;1
tieline;1
go.uuid_project;1
espocrm;1
nitro_enclaves_project;1
phpipam;1
smashing_project;1
entando;1
online_pet_shop_web_application_project;1
online_pet_shop_we_app_project;1
lemonldap-ng;1
terarecon;1
mermaid_project;1
narou_project;1
securepoint;1
postsrsd_project;1
fig2dev_project;1
pypa;1
voxmedia;1
plesk;1
primion-digitek;1
tesseract_ocr_project;1
ntop;1
riconmobile;1
sssd;1
openkm;1
libssh;1
openpowerfoundation;1
midnight-commander;1
getambassador;1
delta_project;1
sunhillo;1
edifecs;1
cerner;1
merge_project;1
uri.js_project;1
devexpress;1
chatwoot;1
synchro;1
signalwire;1
mara_cms_project;1
monstra;1
checkmk;1
engineercms_project;1
xml_body_parser_project;1
segment;1
synerion;1
cybonet;1
c-ares_project;1
pineapp;1
prestahome;1
sandisk;1
bat_project;1
powerdns;1
cgm-remote-monitor_project;1
p5-encode_project;1
sciruby;1
ublockorigin;1
umatrix_project;1
routes_project;1
victronenergy;1
cusmin;1
acurax;1
webence;1
backupbliss;1
comment_engine_pro_project;1
getawesomesupport;1
libarchive;1
openvswitch;1
sernet;1
rcdcap_project;1
s-cms;1
chinatelecom;1
kingdee;1
gestionaleopen;1
openclinic_ga_project;1
southsoft;1
it-economics;1
axios;1
trixie;1
symonics;1
tiny_java_web_server_project;1
nuance;1
kernel;1
meow_hash_project;1
config_lib_project;1
vapor;1
validator_project;1
asyncapi;1
paste-markdown_project;1
jsoup;1
claws-mail;1
sylpheed_project;1
hexagongeospatial;1
tmpl_project;1
bag;1
filebrowser_project;1
framasoft;1
online_shopping_portal_project;1
news_portal_project;1
aapanel;1
tssservisignadapter_project;1
benq;1
argo-workflows_project;1
joplin_project;1
vuelidate_project;1
udisks_project;1
nth-check_project;1
taro;1
tubitak;1
courier-mta;1
planview;1
coder;1
defcon;1
openwebif_project;1
onenav_project;1
obsdian;1
utils.js_project;1
leostream;1
lynx_project;1
wbce;1
digint;1
anymap_project;1
iced-x86_project;1
dimforge;1
prost_project;1
ammonia_project;1
arcworks;1
better-macro_project;1
go-unarr_project;1
inflect_project;1
jsoneditoronline;1
cbioportal_project;1
pardus;1
openwhyd;1
newsletter_project;1
surelinesystems;1
23andme;1
lg;1
gnuboard;1
wp_academic_people_list_project;1
3d_cover_carousel_project;1
simplesamlphp_authentication_project;1
custom-sub-menus_project;1
twitter_friends_widget_project;1
30lines;1
user-activation-email_project;1
wpleet;1
ueberhamm-design;1
notices_project;1
dj_emailpublish_project;1
tromit;1
wp-t-wap_project;1
ops-robots-txt_project;1
wp_scrippets_project;1
amazingweb;1
wiseagent;1
sw-guide;1
carrcommunications;1
border_loading_bar_project;1
devondev;1
wordpress_simple_shop_project;1
dreamfoxmedia;1
custom_website_data_project;1
advance_search_project;1
techastha;1
spideranalyse_project;1
outsidesource;1
feedify;1
webodid;1
gnu-mailman_integration_project;1
bug_library_project;1
nextscripts;1
elyazalee;1
invitebox;1
dbeaver;1
wp-publications_project;1
htaccess-redirect_project;1
tonewinner;1
alpine_project;1
owntone_project;1
serverless_offline_project;1
benda;1
wal-g_project;1
rengine_project;1
polipo_project;1
gfos;1
netless;1
deferred_image_processing_project;1
tastyigniter;1
cyberoamworks;1
kpn;1
yclas;1
gitit_project;1
onenav;1
imgurl_project;1
plib_project;1
exponentcms;1
simple_image_gallery_web_app_project;1
apartment_visitors_management_system_project;1
s-cart;1
ced_project;1
chachethq;1
passport-saml_project;1
geysermc;1
json-schema_project;1
enrocrypt_project;1
owncast_project;1
kaml_project;1
pcapture_project;1
better_errors_project;1
sharpcompress_project;1
mitmproxy;1
nuxref;1
butter_project;1
edx;1
versa-networks;1
webrecorder;1
openbmc-project;1
pdftron;1
woo-myghpay-payment-gateway_project;1
dpsoft;1
link-list-manager_project;1
trueranker;1
wanderlust-webdesign;1
magic-post-voice_project;1
digitalzoomstudio;1
h5p-css-editor_project;1
area17;1
underconstruction_project;1
heateor;1
cybernetikz;1
ait-pro;1
presstigers;1
linksoftwarellc;1
hashthemes;1
perceptionsystem;1
wpgenious;1
wp-jobmanager;1
job-portal_project;1
mybb_cross-poster_project;1
telefication;1
bracketspace;1
credova;1
mpl-publisher_project;1
kajoom;1
cnrs;1
paymentplugins;1
author_bio_box_project;1
pgbouncer;1
foliovision;1
wp_bannerize_project;1
easyregistrationforms;1
sandhillsdev;1
indeed-job-importer_project;1
content_staging_project;1
zeen101;1
recaptcha_solver_project;1
beego;1
mylittletools;1
maianaffiliate;1
shopping_portal_project;1
vfront;1
biqs;1
ubeeinteractive;1
phpmywind;1
ipack;1
artixlinux;1
webuzo;1
tailor_management_system_project;1
postorius_project;1
uyuni_project;1
spacewalk_project;1
speed_test_project;1
christiedigital;1
gridprosoftware;1
playsms;1
lapack_project;1
openblas_project;1
adaptivescale;1
jforum;1
weechat;1
pureftpd;1
sketch;1
ulfius_project;1
registrationmagic;1
mypresta;1
glewlwyd_sso_server_project;1
acuitybrands;1
rencode_project;1
zenitel;1
cloudron;1
publiccms;1
detector_project;1
faveohelpdesk;1
alfred-spotify-mini-player;1
glimmrtv;1
galera;1
phpservermonitor;1
ecommerce-codeigniter-bootstrap_project;1
mkdocs;1
atftp_project;1
gajim;1
xylem;1
listary;1
travis-ci;1
dadamailproject;1
jsuites;1
in-toto;1
elv;1
rucky_project;1
bluespire;1
nokogiri;1
esphome;1
commonwl;1
keypair_project;1
dynamicpagelist3_project;1
mysurvey;1
zyte;1
hygeia_project;1
interchain;1
timetracker_project;1
modern-async_project;1
reddit;1
neoan;1
antsword_redis_project;1
pytorchlightning;1
mycodo_project;1
fluentd;1
duraspace;1
redon;1
thunderdome;1
hangfire;1
pythondiscord;1
zyantific;1
fluxcd;1
min;1
cron-utils_project;1
sharetribe;1
omikron;1
xss_hunter_express_project;1
iongroup;1
realvnc;1
payara;1
plasticscm;1
securonix;1
seatd_project;1
boostnote;1
justwriting_project;1
simple_cashiering_system_project;1
cvxopt_project;1
lodging_reservation_management_system_project;1
flexera;1
sofico;1
tad_honor_project;1
tad_web_project;1
laquisscada;1
passportjs;1
eduvpn;1
acinq;1
elementsproject;1
archivy_project;1
church_management_system_project;1
online_food_ordering_system_project;1
budget_and_expense_tracker_system_project;1
online_food_ordering_web_app_project;1
hotel_management_system_project;1
pharmacy_point_of_sale_system_project;1
mahadiscom;1
sourcecodester;1
baicloud-cms_project;1
zeek;1
oppia;1
csdn;1
streama_project;1
place;1
conva;1
3xlogic;1
aviatorscript_project;1
skyworth;1
hkurl;1
recruitment_management_system_project;1
intelliants;1
gclib_project;1
accel-ppp;1
visual-tools;1
kaysongroup;1
php_event_calendar_project;1
limesurvey;1
simple_payroll_system_with_dynamic_tax_bracket_project;1
anonaddy;1
online_dj_booking_management_system_project;1
ifsc_code_finder_project;1
check_smart_project;1
bqe;1
revisorlab;1
froxlor;1
aifu;1
openrc_project;1
anaconda;1
contact_form_with_captcha_project;1
legalweb;1
codepeople;1
preview_e-mails_for_woocommerce_project;1
stetic;1
variation_swatches_for_woocommerce_project;1
zucchetti;1
business-dnasolutions;1
jeedom;1
online_learning_system_project;1
convos;1
akka;1
barracuda;1
shell-quote_project;1
wpewebkit;1
opnsense;1
pocoo;1
tightvnc;1
plex;1
gjson_project;1
kodi;1
zoho;1
xenforo;1
replicated;1
itextpdf;1
fort_validator_project;1
fastadmin;1
formalms;1
duplicate_post_project;1
wpo365;1
thymeleaf;1
vinga;1
servermanagement_project;1
codingforentrepreneurs;1
clustering_project;1
teeworlds;1
lua;1
uclibc;1
uclibc-ng_project;1
atmail;1
doctrine-project;1
gmplib;1
thinkup;1
lycheeorganisation;1
swoole;1
fluxbb;1
wechat-php-sdk_project;1
shopex;1
zerodream;1
thinkphp-bjyblog_project;1
haschek;1
libretime;1
nzedb_project;1
manage_project;1
yurunproxy_project;1
tripexpress_project;1
youtubephpmirroring_project;1
twmap_project;1
workerman-thinkphp-redis_project;1
phpwhois_project;1
aimstack;1
backstage;1
emoji_button_project;1
mercurius_project;1
bundler;1
rizin;1
jackalope_doctrine-dbal_project;1
gradio_project;1
ukg;1
msedgeredirect_project;1
ajax.net_professional_project;1
gerapy;1
openpolicyagent;1
wolterskluwer;1
quagga;1
anchorcms;1
isync_project;1
crocontrol;1
gl-inet;1
transloadit;1
cth;1
changingtec;1
acclaimsystems;1
gin-vue-admin_project;1
keepalived;1
rosariosis;1
ipuptime;1
vercot;1
wokkalokka;1
digipas;1
cinny_project;1
online_mens_salon_management_system_project;1
online_magazine_management_system_project;1
online_pre-owned\/used_car_showroom_management_system_project;1
github-todos_project;1
git-it_project;1
calibre-ebook;1
dmproadmap_project;1
gnuplot;1
hd-network_real-time_monitoring_system_project;1
ssh_\&_web_terminal_project;1
ksmbd_project;1
simple_forum\/discussion_system_project;1
simple_cold_storage_management_system_project;1
video_sharing_website_project;1
gegl;1
gimp;1
circl;1
vec-const_project;1
derive-com-impl_project;1
bronzedb-protocol_project;1
binjs_io_project;1
flumedb_project;1
columnar_project;1
ash_project;1
gfx-auxil_project;1
rdiff_project;1
mopa_project;1
sha2_project;1
tectonic_xdv_project;1
metrics-util_project;1
nanorand_project;1
zeroize_derive_project;1
abomonation_project;1
crypto2_project;1
simple_asn1_project;1
rust-embed_project;1
lru_cache_project;1
nuuo;1
nettemp;1
authguard_project;1
sun_moon_jingyao;1
uwebsockets_project;1
giftrans_project;1
