qualcomm;13201
juniper;8586
microsoft;7078
cisco;5895
apple;3986
zohocorp;2321
netgear;2187
f5;2125
siemens;1904
google;1354
oracle;1100
fedoraproject;1091
huawei;864
adobe;704
vmware;672
geutebrueck;576
debian;556
sap;555
fatpipeinc;540
dell;518
amd;449
ibm;404
samsung;375
netapp;374
hikvision;305
apache;284
pulsesecure;275
mitsubishielectric;261
hitachi;259
arubanetworks;257
autodesk;244
fortinet;229
mitsubishi;221
tibco;219
weidmueller;208
foxitsoftware;193
redhat;192
schneider-electric;192
sonicwall;191
liferay;181
mediatek;177
intel;170
xerox;170
meritlilin;164
nvidia;150
hpe;146
mozilla;137
netmodule;135
linux;113
freebsd;112
trendmicro;110
codesys;107
asus;106
paloaltonetworks;103
moxa;102
gitlab;96
zoom;94
digi;94
saltstack;93
magento;92
bosch;87
dlink;84
elecom;83
mcafee;83
microfocus;81
fujixerox;76
isc;76
hp;75
qnap;74
zyxel;73
buffalo;67
atlassian;66
hashicorp;65
wago;63
linuxfoundation;54
phoenixcontact;54
jenkins;54
digium;54
broadcom;53
canonical;52
se;51
citrix;51
synology;51
fiberhome;49
acronis;48
binatoneglobal;46
advantech;45
sharp-nec-display;44
pepperl-fuchs;44
envoyproxy;43
gpac;42
jetbrains;42
bitnami;41
jtekt;40
nextcloud;39
solarwinds;39
ecoa;39
electronjs;38
dahuasecurity;38
lightning_network_daemon_project;38
abb;37
opendesign;37
ti;35
zimbra;34
gnu;33
wireshark;33
automattic;33
amazon;33
opentext;33
zte;32
genua;32
zephyrproject;31
trendnet;30
typelevel;30
altus;30
nec;29
hornerautomation;29
facebook;28
qsan;28
emerson;27
bitovi;26
xstream_project;25
proofpoint;25
sitecore;25
luxion;24
nagios;24
contao;24
antennahouse;23
fujielectric;22
python;22
tp-link;22
torproject;22
redis;22
lantronix;21
blackberry;21
fatek;21
nodejs;21
xen;21
eclipse;21
bitdefender;21
enalean;21
tenable;20
deltaww;20
couchbase;20
hillrom;20
golang;20
tuxera;20
kaspersky;20
comprotech;20
kaseya;19
vaadin;19
progress;19
skytable;19
typo3;18
vmare;18
grafana;18
idec;18
zzcms;18
privoxy;17
arm;17
mediawiki;17
ivanti;17
vim;17
haproxy;17
git-scm;16
schenider-electric;16
concretecms;16
gallagher;16
eaton;16
esri;16
umbraco;16
inhandnetworks;16
puppet;15
parallels;15
tendacn;15
discourse;15
x.org;15
ipfire;15
airangel;15
octopus;14
softing;14
fidelissecurity;14
auvesy;14
rusqlite_project;14
xwiki;13
accusoft;13
hgiga;13
rubyonrails;13
teradici;13
salesagility;13
idemia;13
npmjs;13
mahara;13
moodle;12
att;12
github;12
ays-pro;12
opensuse;12
dotnetfoundation;12
os4ed;12
busybox;12
ory;12
dhis2;12
manageiq;12
ledgersmb;12
lettre;12
rocket.chat;11
realtek;11
stormshield;11
djangoproject;11
zope;11
lenovo;11
openstack;10
rpm;10
redislabs;10
nim-lang;10
myscada;10
whatsapp;10
thrivethemes;10
suse;10
opennms;10
tenda;10
centreon;10
arista;10
gradle;10
chiyu-tech;10
istio;10
drogon;10
bscw;10
trane;10
actix;10
jfrog;10
nameko;10
metabase;10
vitec;10
gryphonconnect;9
onedev_project;9
combodo;9
openssl;9
wisc;9
vembu;9
d-link;9
irfanview;9
restsharp;9
johnsoncontrols;9
veritas;9
ssh;9
ruby-lang;9
ffmpeg;9
redmine;9
lancom-systems;9
tar_project;9
linuxptp_project;9
swftools;9
commscope;8
matrix;8
openmage;8
anker;8
rockwellautomation;8
ui;8
owasp;8
wp-buy;8
chinamobile;8
netmotionsoftware;8
riot-os;8
totolink;8
sylabs;8
checkpoint;8
axis;8
swisslog-healthcare;8
corel;8
alfresco;8
nomachine;8
gnome;7
imagemagick;7
sixapart;7
octobercms;7
php;7
garrett;7
joomla;7
expresstech;7
mendix;7
onlyoffice;7
cpanel;7
ge;7
hcc-embedded;7
cohesity;7
telegram;7
icinga;7
insyde;7
zammad;7
lexmark;7
hitachienergy;7
frentix;7
engineers_online_portal_project;7
accops;7
sulu;7
baxter;7
draytek;6
qemu;6
fibaro;6
contiki-ng;6
flatpak;6
gonitro;6
sudo_project;6
pimcore;6
iris-go;6
devolutions;6
rancher;6
libreoffice;6
kubernetes;6
dolibarr;6
mitel;6
accellion;6
serenityos;6
rust-lang;6
moddable;6
pi-hole;6
cloverdx;6
windriver;6
akkadianlabs;6
nsa;6
shopware;6
aveva;6
philips;6
mbconnectline;6
naviwebs;6
pomerium;6
julialang;6
tcman;6
xorux;6
projectworlds;6
sun;6
node-windows_project;6
clamav;5
webkitgtk;5
dogtagpki;5
theforeman;5
elastic;5
craftercms;5
gitlogplus_project;5
misp;5
casap_automated_enrollment_system_project;5
faststone;5
cesanta;5
cncf;5
visualware;5
doctor_appointment_system_project;5
mesalabs;5
json-smart_project;5
mybb;5
contiki-os;5
cesnet;5
bab-technologie;5
forgerock;5
emlog;5
aviatrix;5
chamilo;5
postgresql;5
faad2_project;5
djvulibre_project;5
jupyter;5
raspap;5
bbraun;5
oisf;5
planetargon;5
cloudflare;5
objection_project;5
openzeppelin;5
sela_project;5
gerbv_project;5
auerswald;5
spreecommerce;5
barrier_project;5
starkbank;5
unicorn-engine;5
avast;5
gif2apng_project;5
salesforce;4
racom;4
acmailer;4
contec;4
tipsandtricks-hq;4
alfasado;4
prestashop;4
glpi-project;4
getgrav;4
iobit;4
cloudfoundry;4
haxx;4
totaljs;4
mercedes-benz;4
webnus;4
strategy11;4
patreon;4
wpdeveloper;4
avaya;4
taogogo;4
videolan;4
chainsafe;4
open5gs;4
open-emr;4
ezxml_project;4
quarkus;4
afterlogic;4
eprints;4
hej;4
nozominetworks;4
xcb_project;4
denx;4
datakit;4
ypsomed;4
remotemouse;4
belden;4
mariadb;4
vizio;4
piwigo;4
tianocore;4
soyal;4
vestacp;4
kopano;4
getcomposer;4
wordpress;4
intelbras;4
beyondtrust;4
klibc_project;4
artica;4
plone;4
ballerina;4
zstack;4
prosody;4
westerndigital;4
echobh;4
techreborn;4
confluent;4
profilepress;4
openvpn;4
linecorp;4
showdoc;4
firefly-iii;4
prolink;4
stylemixthemes;4
altova;4
libmobi_project;4
freerdp;4
freeswitch;4
qt;4
pagerduty;4
nebulab;4
goteleport;4
nlnetlabs;4
azeotech;4
amzetta;4
goautodial;4
crypto;4
reprisesoftware;4
starcharge;4
sangoma;4
netbsd;4
messagepack-rs_project;4
nervos;4
snort;3
wibu;3
zeromq;3
samba;3
libpano13_project;3
weseek;3
basercms;3
qualitysoft;3
cybozu;3
groupsession;3
hilscher;3
minio;3
hyper;3
lucee;3
anuko;3
pugjs;3
msgpack5_project;3
wire;3
librecad;3
pivotal_software;3
changjia_property_management_system_project;3
eic;3
cozmoslabs;3
wow-estore;3
amentotech;3
online_ordering_system_project;3
sophos;3
talkyard;3
rangerstudio;3
handysoft;3
nedi;3
student_record_system_project;3
circutor;3
openplcproject;3
altn;3
pelco;3
netop;3
openldap;3
expressionengine;3
opcfoundation;3
zoll;3
eyesofnetwork;3
snowsoftware;3
hcltechsw;3
zabbix;3
ecobee;3
pluck-cms;3
servicetonic;3
deltaflow_project;3
b2evolution;3
fltk_project;3
squid-cache;3
live555;3
outsystems;3
alibaba;3
exiv2;3
pydantic_project;3
id-map_project;3
jazzband;3
aomedia;3
libcaca_project;3
symantec;3
facade;3
docker;3
jumpserver;3
webmin;3
linaro;3
mit;3
sick;3
fail2ban;3
linphone;3
numpy;3
gnupg;3
normalize-url_project;3
cyrus;3
luca-app;3
millewin;3
neo4j;3
idrive;3
xmlsoft;3
secom;3
learningdigital;3
phone_shop_sales_management_system_project;3
thinkphp;3
online_covid_vaccination_scheduler_system_project;3
akaunting;3
m-files;3
nchsoftware;3
cradlepoint;3
teluu;3
huntflow;3
canon;3
wipro;3
roxy-wi;3
thedaylightstudio;3
bestpractical;3
snipeitapp;3
tranquil;3
nascent;3
eigentech;3
catchethq;3
pingidentity;3
squaredup;3
cobbler_project;3
wuzhicms;3
akamai;3
elabftw;3
micron;3
forcepoint;3
sas;3
montala;3
webtareas_project;3
obsidian;3
businessdnasolutions;3
tinyxml_project;3
we-con;3
proof-of-stake_ethereum_project;3
datalust;3
fusionpbx;3
employee_record_management_system_project;3
yejiao;3
nix_project;3
machform;2
mbsync_project;2
pygments;2
nettle_project;2
aterm;2
soliton;2
gurunavi;2
zmartzone;2
kujirahand;2
overwolf;2
retty;2
a-stage-inc;2
pluginus;2
jscom;2
sony;2
advancedcustomfields;2
carrierwave_project;2
systeminformation;2
nanopb_project;2
prisma;2
discord-recon_project;2
otrs;2
greenplum;2
criticalmanufacturing;2
prosoft-technology;2
hr_portal_project;2
revive-adserver;2
adaltas;2
underscorejs;2
handlebarsjs;2
std42;2
codeception;2
bikeshed_project;2
elfinder.netcore_project;2
object-path_project;2
immer_project;2
set-value_project;2
dotty_project;2
jsonpointer_project;2
cleantalk;2
10web;2
accesspressthemes;2
ninjaforms;2
woocommerce;2
tms-outsource;2
querysol;2
bold-themes;2
smartypantsplugins;2
autoptimize;2
wpdevart;2
qantumthemes;2
ffw;2
imagestowebp_project;2
genetechsolutions;2
stopbadbots;2
mainwp;2
simple_jwt_login_project;2
wclovers;2
advanced_forms_project;2
learning_management_system_project;2
e-commerce_website_project;2
travel_management_system_project;2
alumni_management_system_project;2
opencats;2
gigaset;2
python-hyperkitty_project;2
skyworthdigital;2
collaboraoffice;2
testes-codigo;2
baby_care_system_project;2
youphptube;2
void;2
servo;2
thoughtworks;2
orchardcore;2
acdsee;2
smarty;2
ninjarmm;2
raw-cpuid_project;2
bandisoft;2
tobesoft;2
nhn-commerce;2
mitreid;2
doyocms_project;2
netis-systems;2
pandasecurity;2
talariax;2
wazuh;2
teachers_record_management_system_project;2
godotengine;2
canarymail;2
wowonder;2
replaysorcery_project;2
online_reviewer_system_project;2
treasuredata;2
xn--b1agzlht;2
mutare;2
ssri_project;2
vertigis;2
omron;2
appspace;2
libjxl_project;2
craftcms;2
sfcyazilim;2
msi;2
toodee_project;2
stack_dst_project;2
quinn_project;2
openbsd;2
is-svg_project;2
draeger;2
espressif;2
hongdian;2
ok-file-formats_project;2
ca;2
pupnp_project;2
yubico;2
varnish-cache;2
stackstorm;2
mintty_project;2
acexy;2
rconfig;2
dmasoftlab;2
papoo;2
discord;2
ratpack_project;2
puma;2
arenavec_project;2
reorder_project;2
phpseclib;2
alpinelinux;2
zerof;2
invisioncommunity;2
schedmd;2
siren;2
nats;2
centos-webpanel;2
unisys;2
vector35;2
wowza;2
openvpn-monitor_project;2
frontiersoftware;2
malwarefox;2
bitcoin;2
jump-technology;2
maianscriptworld;2
emtec;2
creolabs;2
nokia;2
xfce;2
connectwise;2
smartstore;2
dmg2img_project;2
deno;2
bytecodealliance;2
authelia;2
flarum;2
sensiolabs;2
thephpleague;2
collabora;2
gatsbyjs;2
crossbeam_project;2
thalesgroup;2
eq-3;2
inverse;2
aprelium;2
wolfssl;2
dh2i;2
nic;2
optical_character_recognition_project;2
putty;2
8x8;2
naver;2
f-secure;2
trim-newlines_project;2
kyma-project;2
ytnef_project;2
laiketui;2
miniaudio_project;2
icehrm;2
keybase;2
bkw;2
phpmailer_project;2
trusteddomain;2
basixonline;2
teamviewer;2
etherpad;2
netlify;2
gstreamer_project;2
kramerav;2
northern.tech;2
tsmuxer_project;2
barco;2
afian;2
hitachiabb-powergrids;2
veeam;2
skale;2
unit4;2
fossil-scm;2
yellowfinbi;2
miniupnp_project;2
kooboo;2
zendesk;2
dated_news_project;2
helpsystems;2
webfactoryltd;2
wpwave;2
monitorapp;2
netty;2
poly;2
ros;2
opengamepanel;2
customer_relationship_management_system_project;2
jflyfox;2
laravel;2
ctparental_project;2
online_student_admission_system_project;2
microchip;2
grandstream;2
graylog;2
pengutronix;2
semver-regex_project;2
ansi-regex_project;2
set_user_project;2
nxp;2
nltk;2
spomky-labs;2
ni;2
stanford;2
cliniccases;2
simple_water_refilling_station_management_system_project;2
detect-character-encoding_project;2
jupyterhub;2
parseplatform;2
xerosecurity;2
jamf;2
eyoucms;2
squashfs-tools_project;2
php-fusion;2
miniftpd_project;2
blackmagicdesign;2
online_enrollment_management_system_project;2
talend;2
clementine-player;2
anydesk;2
genesys;2
projectsend;2
bopsoft;2
mruby;2
sylius;2
qutebrowser;2
galette;2
device42;2
polycom;2
ericsson;2
rare-technologies;2
pyo_project;2
archibus;2
tadtools_project;2
online-shopping-system-advanced_project;2
e-negosyo_system_project;2
globaldatingsoftware;2
yonyou;2
strongswan;2
allegro;2
skhynix;2
huaju;2
4mosan;2
embedthis;2
unicode;2
trustwave;2
vice;2
eltima;2
flexihub;2
donglify;2
govicture;2
automox;2
meddata;2
alquistai;2
pixxio;2
job_fair_project;2
fruity_project;2
vercel;2
patrowl;2
jsx-slack_project;2
webhmi;2
roundcube;2
quest;2
teampasswordmanager;2
uipath;2
zrlog;2
chinasea;2
tmate;2
schildi;2
kb;2
digitalocean;2
dalmark;2
glfusion;2
csv-sniffer_project;2
tokio_project;2
risc-v;1
duo;1
jquery-plugin-query-object_project;1
jquery-sparkle_project;1
backbone-query-parameters_project;1
jquery-bbq_project;1
acemetrix;1
mootools;1
purl_project;1
lucyparsonslabs;1
tecnick;1
telus;1
podman_project;1
fasterxml;1
getdata_project;1
stunnel;1
htmldoc_project;1
libspf2;1
mongodb;1
skygroup;1
panasonic;1
name_directory_project;1
ntt-tx;1
paidmembershipspro;1
daifukuya;1
eikisoft;1
fujitsu;1
inkdrop;1
ec-cube;1
codemiq;1
wp-currency;1
softbank;1
og_tags_project;1
soda-inc;1
mercari;1
xml-sitemaps;1
delitestudio;1
browser_and_operating_system_finder_project;1
spring-boot-actuator-logview_project;1
git_large_file_storage_project;1
httplib2_project;1
flask-security-too_project;1
jqueryvalidation;1
schema-inspector_project;1
deislabs;1
polrproject;1
peerigon;1
rsshub;1
wwbn;1
mechanize_project;1
dynamoosejs;1
marked_project;1
adminer;1
less-openui5_project;1
fastify-reply-from_project;1
fastify-http-proxy_project;1
ratcf;1
spnego_http_authentication_module_project;1
smartbear;1
elementary;1
shescape_project;1
mifos;1
apkleaks_project;1
wrongthink;1
buddypress;1
ampache;1
kongchuanhujiao_project;1
syncthing;1
filecoin;1
\@thi.ng\/egf_project;1
isolated-vm_project;1
stripe;1
projen_project;1
openapi-generator;1
mirahezebots;1
mk-auth;1
3mf;1
opener_project;1
mz-automation;1
genivia;1
komoot;1
disc-soft;1
poweriso;1
ribbonsoft;1
dreamreport;1
exiftool_project;1
ntpsec;1
busch-jaeger;1
brocade;1
dart;1
hyweb;1
glasswire;1
fastify;1
openresty;1
openexr;1
oppo;1
gargoyle-router;1
the-guild;1
getadigital;1
is-user-valid_project;1
lodash;1
prismjs;1
path-parse_project;1
portprocesses_project;1
madge_project;1
parall;1
ps-kill_project;1
kill-process-by-name_project;1
port-killer_project;1
killport_project;1
kill-by-port_project;1
tyk;1
swiperjs;1
chrono-node_project;1
mongo-express_project;1
ps-visitor_project;1
psnode_project;1
ffmpegdotjs_project;1
onion-oled-js_project;1
picotts_project;1
portkiller_project;1
roar-pidusage_project;1
killing_project;1
calipso_project;1
locutus;1
lutils_project;1
wincred_project;1
nodemailer;1
record-like-deep-assign_project;1
ts-nodash_project;1
sqlite-web_project;1
pac-resolver_project;1
elfinder.net.core_project;1
go-proxyproto_project;1
elfinder.aspnet_project;1
deepmergefn_project;1
glances_project;1
merge-change_project;1
ansi-html_project;1
proto_project;1
transpile_project;1
startserver_project;1
joplinapp;1
mootools_project;1
algolia;1
mpath_project;1
cookiex-deep_project;1
client;1
handsontable;1
config-handler_project;1
vm2_project;1
binaryops;1
h2database;1
parse-link-header_project;1
json-ptr_project;1
c2fo;1
tiny;1
markdown_to_pdf_project;1
html-to-csv_project;1
sey_project;1
merge-deep2_project;1
ssrf-agent_project;1
celeryproject;1
quobject;1
ajaxpro.2_project;1
http-server-node_project;1
nette;1
unisharp;1
oculus;1
azure-iot-cli-extension;1
botan_project;1
blubrry;1
contact_form_submissions_project;1
flippercode;1
adenion;1
connekthq;1
sigmaplugin;1
premiumwpsuite;1
contact_form_7_database_addon;1
inspireui;1
likebtn-like-button_project;1
backup-guard;1
rocklobster;1
web-stat;1
database-backups_project;1
posimyth;1
themeum;1
wpshopmart;1
sitemap_project;1
wpruby;1
williamluis;1
n5_upload_form_project;1
easy-form-builder-by-bitware_project;1
accessally;1
imagements_project;1
aivahthemes;1
wp-eventmanager;1
classyfrieds_project;1
college_publisher_import_project;1
kaswara_project;1
cars-seller-auto-classifieds-script_project;1
de-baat;1
jiangqie;1
aioseo;1
external_media_project;1
boostifythemes;1
zavedil;1
video-embed-box_project;1
veronalabs;1
xllentech;1
ayecode;1
radykal;1
stockware;1
beardev;1
ninjateam;1
alipay_project;1
cashtomer_project;1
swiftcrm;1
comment_highlighter_project;1
easy_testimonial_manager_project;1
geekwebsolution;1
bestiaweb;1
activemedia;1
webpsilon;1
ombu;1
wp-display-users_project;1
wp-domain-redirect_project;1
solvercircle;1
wpagecontact_project;1
wp-board_project;1
optimocha;1
fetchdesigns;1
export_users_with_meta_project;1
include_me_project;1
meowapps;1
sanskruti;1
fileviewer_project;1
handsome_testimonials_\&_reviews_project;1
ingenesis;1
satollo;1
quantumcloud;1
brainstormforce;1
dpl;1
coderstimes;1
shareaholic;1
extendify;1
broken_link_manager_project;1
edit_comments_project;1
simple_events_calendar_project;1
timeline_calendar_project;1
freelancetoindia;1
roosty;1
nimble3;1
lifterlms;1
contact_form_7_captcha_project;1
igexsolutions;1
blue-admin_project;1
hmplugin;1
offshorewebmaster;1
simple-e-commerce-shopping-cart_project;1
web-dorado;1
chameleon_css_project;1
g_auto-hyperlink_project;1
wow-company;1
post_content_xmlrpc_project;1
schreikasten_project;1
unlimited_popups_project;1
print_my_blog_project;1
game-server-status_project;1
simple_schools_staff_directory_project;1
podlove;1
feataholic;1
teamlead;1
automatorwp;1
wpsimplebookingcalendar;1
shapedplugin;1
schiocco;1
cleverplugins;1
mandsconsulting;1
plugins-market;1
starfish;1
mycred;1
email_log_project;1
permalink_manager_lite_project;1
xwp;1
wpchill;1
draftpress;1
wordplus;1
asgaros;1
wpaffiliatemanager;1
ni_woocommerce_custom_order_status_project;1
frenify;1
nocean;1
bannersky;1
quotes_collection_project;1
wpdataaccess;1
tawk;1
contest_gallery;1
wpserveur;1
fatcatapps;1
roundupwp;1
likebtn;1
thimpress;1
plugins360;1
wpwax;1
sales_and_inventory_system_project;1
victor_cms_project;1
responsive_ordering_system_project;1
theme_park_ticketing_system_project;1
belkin;1
adtran;1
bludit;1
mercusys;1
minthcm;1
node-red-contrib-huemagic_project;1
glsl-layout_project;1
cache_project;1
av-data_project;1
bra_project;1
basic_dsp_matrix_project;1
containers_project;1
fil-ocl_project;1
zivautomation;1
set-or-get_project;1
fireblink;1
changeset_project;1
patchmerge_project;1
safe-flat_project;1
manta;1
arangodb;1
deep-override_project;1
101_project;1
deep-defaults_project;1
js-extend_project;1
nconf-toml_project;1
nestie_project;1
expand-hash_project;1
set-getter_project;1
xml2dict_project;1
just-safe-set_project;1
putil-merge_project;1
shuup;1
calibre-web_project;1
tuzitio;1
apostrophecms;1
darwin;1
if-me;1
jerryscript;1
library_system_project;1
fantastic_blog_cms_project;1
simple_college_website_project;1
eslint-fixer_project;1
cdr_project;1
marc_project;1
gitlog_project;1
wayfair;1
smartfoxserver;1
unidocs;1
dreamsecurity;1
mangboard;1
iptime;1
squarebox;1
merge-deep_project;1
avahi;1
wpdatatables;1
litespeedtech;1
playtuber_project;1
oryx-embedded;1
frogcms_project;1
hametech;1
gog;1
car_rental_portal_project;1
markdown2_project;1
dm_fingertool_project;1
tribalsystems;1
sthttpd_project;1
isida;1
firejail_project;1
libmailcore;1
probot;1
jasper_project;1
henriquedornas;1
calamine_project;1
ms3d_project;1
postscript_project;1
lightcms_project;1
sercomm;1
invisible-island;1
samba-client_project;1
get-ip-range_project;1
endian;1
steghide_project;1
pystemon_project;1
mikrotik;1
shinobi;1
mumble;1
ua-parser-js_project;1
konghq;1
frendi;1
kollectapp;1
boltcms;1
nb-connect_project;1
yottadb;1
rand_core_project;1
scrapbox-parser_project;1
unified-automation;1
urijs_project;1
learnsite_project;1
easycorp;1
yealink;1
kentico;1
pega;1
nsasoft;1
zint;1
w1.fi;1
qibosoft;1
shopxo;1
mediateknet;1
in4velocity;1
checkbox;1
e107;1
docker_dashboard_project;1
percona;1
galeracluster;1
lumis;1
adguard;1
sitasoftware;1
max-3000;1
stb_project;1
jpeg;1
bam_project;1
truetype_project;1
scratchpad_project;1
nano_arena_project;1
byte_struct_project;1
internment_project;1
ossec;1
deutschepost;1
ikuai8;1
entrouvert;1
forescout;1
compassplus;1
kde;1
twinkletray;1
virtual_robots.txt_project;1
strapi;1
drweb;1
lucysecurity;1
clipper_project;1
telerik;1
citsmart;1
camunda;1
pbootcms;1
seceon;1
diesel;1
spdk;1
throughtek;1
tt-rss;1
myvestacp;1
vhs_project;1
seopanel;1
devise_masquerade_project;1
apple-swift-format_project;1
swiftlint_project;1
swiftformat_project;1
swift_development_environment_project;1
lextudio;1
shellcheck_project;1
roonlabs;1
vim_project;1
kramdown_project;1
mobatek;1
j2eefast;1
netmask_project;1
libretro;1
fork-cms;1
magpierss_project;1
c\/c\+\+_advanced_lint_project;1
bit_project;1
git-bug_project;1
sass_lint_project;1
manageengine;1
openwrt;1
get-simple;1
plixer;1
zarafa;1
genexis;1
invoiceplane;1
vfsjfilechooser2_project;1
mpmath;1
arcgis;1
erlang;1
btcpayserver;1
microseven;1
svelte;1
ronomon;1
shipment_100-design_material_download_system_project;1
gnuplot_project;1
eterna;1
pearadmin;1
gitjacker_project;1
pikepdf_project;1
net\;1
manydesigns;1
cygwin;1
redis.js;1
hedgedoc;1
xz_project;1
miraheze;1
cumulative-distribution-function_project;1
mixme_project;1
kennnyshiwa-cogs_project;1
bubble_fireworks_project;1
wp-cli;1
asynkron;1
reportportal;1
stackpath;1
vscode-rufo_project;1
data\;1
endian_trait_project;1
parse_duration_project;1
insert_many_project;1
uu_od_project;1
rocket;1
adtensor_project;1
telemetry_project;1
slice-deque_project;1
stackvector_project;1
through_project;1
marktext;1
latrix_project;1
stableyieldcredit_project;1
eng;1
seal_finance_project;1
getlaminas;1
zend;1
feehi;1
greyware;1
vscode-phpmd_project;1
terra-master;1
ripgrep_project;1
cloudera;1
axiossystems;1
friendica;1
mpv;1
ocproducts;1
edimax;1
phpnuke;1
ipeak;1
cern;1
lanproxy_project;1
ispconfig;1
rukovoditel;1
jsrsasign_project;1
git-big-picture_project;1
evolucare;1
outer_cgi_project;1
voipmonitor;1
omicronenergy;1
podofo_project;1
valvesoftware;1
sysaid;1
upx_project;1
simple_glasgow_haskell_compiler_project;1
glsl_linting_project;1
netsia;1
multilaser;1
pleaseedit_project;1
umask_project;1
proxy.py_project;1
medicalexpo;1
zetetic;1
yithemes;1
ncr;1
1c;1
sean-barton;1
mubu;1
tcmu-runner_project;1
flutterchina;1
rpm_spec_project;1
dolby;1
netshieldcorp;1
xscreensaver_project;1
sipwise;1
pwndoc_project;1
xmlhttprequest-ssl_project;1
aca;1
shapeshift;1
churchdesk;1
gestsup;1
jfinal;1
missionlabs;1
pgsync_project;1
quectel;1
npupnp_project;1
akuvox;1
myq-solution;1
splinterware;1
sentrysoftware;1
nightowlsp;1
pvrsrvkm.ko_project;1
cyberark;1
secureauth;1
shibboleth;1
files;1
freedesktop;1
layer5;1
ysoft;1
phplist;1
async-git_project;1
infinispan;1
rkyv_project;1
pexip;1
annexcloud;1
algorithmica_project;1
hexagon;1
mutt;1
neomutt;1
dedecms;1
re-logic;1
veritystream;1
zebra;1
localstack;1
bloodhound_project;1
nodered;1
smartertools;1
psyonix;1
fogproject;1
axiosys;1
hcxtools_project;1
linuxsampler;1
lief-project;1
libiff_project;1
pbrt_project;1
websvn;1
e-learning_system_project;1
sitel-sa;1
libsndfile_project;1
kaco-newenergy;1
artware_cms_project;1
mrdoc;1
specotech;1
zzzcms;1
antisip;1
i-doo;1
matrix-react-sdk_project;1
admidio;1
cxuu;1
uninett;1
dav-cogs_project;1
reg-keygen-git-hash_project;1
fastapi_project;1
togatech;1
helm;1
apollosapp;1
check-spelling;1
thinkjs;1
addressable_project;1
vapor_project;1
objectcomputing;1
racket-lang;1
local_services_search_engine_management_system_project;1
projectcontour;1
archisteamfarm_project;1
traefik;1
protonmail;1
squirrelly;1
express_handlebars_project;1
bblfshd_project;1
proxyee-down_project;1
mock-server;1
haikuforteams;1
emby;1
flask-restx_project;1
sqlparse_project;1
spotweb_project;1
zen-cart;1
flask-caching_project;1
hyperkitty_project;1
sagemcom;1
wekan_project;1
klogserver;1
emqx;1
octavolabs;1
pgxn;1
fibranet;1
winscp;1
sensepost;1
hide_thread_content_project;1
blocklancertoken_project;1
covid19_testing_management_system_project;1
eterm_project;1
mrxvt_project;1
rxvt-unicode_project;1
rxvt_project;1
onyaktech_comments_pro_project;1
dutchcoders;1
falco;1
boa;1
koel;1
dragonfly_project;1
pixar;1
cleo;1
reiner-sct;1
css-what_project;1
labapart;1
openeuler;1
atomisystems;1
cuppacms;1
fortilogger;1
bdew;1
gespage;1
jdom;1
gitea;1
sing4g;1
tencent;1
etinet;1
invoiceninja;1
myfwc;1
virustotal;1
keylime;1
edgegallery;1
pandorafms;1
nica;1
basic_shopping_cart_project;1
simple_food_website_project;1
fromsoftware;1
newlib_project;1
doft;1
robotbtc_project;1
b2x_project;1
polarisoffice;1
the_fuck_project;1
cubecoders;1
motorola;1
storeapps;1
fluentforms;1
weblizar;1
ipdgroup;1
seo_backlinks_project;1
youtube_feeder_project;1
sola-newsletters_project;1
post_index_project;1
wpdownloadmanager;1
wpeasycart;1
booster;1
thycotic;1
slapi-nis_project;1
aat;1
on24;1
quassel-irc;1
jhead_project;1
orckestra;1
fisco-bcos;1
minecraft;1
testzentrum-odw;1
meross;1
pattersondental;1
theologeek;1
lz4_project;1
ptcl;1
scalabium;1
gestionaleamica;1
tcl;1
tieline;1
go.uuid_project;1
entando;1
online_pet_shop_web_application_project;1
online_pet_shop_we_app_project;1
lemonldap-ng;1
terarecon;1
narou_project;1
securepoint;1
fig2dev_project;1
owncloud;1
voxmedia;1
primion-digitek;1
tesseract_ocr_project;1
ntop;1
sssd;1
care2x;1
openpowerfoundation;1
midnight-commander;1
delta_project;1
sunhillo;1
cerner;1
fetchmail;1
merge_project;1
devexpress;1
chatwoot;1
synchro;1
signalwire;1
mara_cms_project;1
monstra;1
xml_body_parser_project;1
sqlite;1
htmly;1
segment;1
synerion;1
cybonet;1
radare;1
prestahome;1
sandisk;1
bat_project;1
powerdns;1
p5-encode_project;1
sciruby;1
ublockorigin;1
umatrix_project;1
miniorange;1
routes_project;1
knx;1
cusmin;1
ciphercoin;1
tarteaucitron.js_-_cookies_legislation_\&_gdpr_project;1
blocksera;1
yiiframework;1
sernet;1
cszcms;1
larvata;1
rcdcap_project;1
atomicparsley_project;1
s-cms;1
chinatelecom;1
kingdee;1
bookingcore;1
yourls;1
seacms;1
gestionaleopen;1
openclinic_ga_project;1
southsoft;1
rpcms;1
nch;1
axios;1
smartdatasoft;1
trixie;1
symonics;1
peel;1
wpcerber;1
nuance;1
config_lib_project;1
validator_project;1
asyncapi;1
jsoup;1
hexagongeospatial;1
tmpl_project;1
gilacms;1
online_shopping_portal_project;1
digitaldruid;1
aapanel;1
mattermost;1
tssservisignadapter_project;1
benq;1
vuelidate_project;1
hestiacp;1
nth-check_project;1
taro;1
courier-mta;1
planview;1
coder;1
defcon;1
corero;1
formtools;1
obsdian;1
utils.js_project;1
wbce;1
digint;1
anymap_project;1
iced-x86_project;1
dimforge;1
prost_project;1
arcworks;1
parity;1
better-macro_project;1
go-unarr_project;1
inflect_project;1
jsoneditoronline;1
cbioportal_project;1
pardus;1
newsletter_project;1
surelinesystems;1
23andme;1
lg;1
nested_pages_project;1
brizy;1
wp-publications_project;1
exim;1
owntone_project;1
serverless_offline_project;1
bostonscientific;1
wasm3_project;1
wal-g_project;1
rengine_project;1
polipo_project;1
gfos;1
netless;1
deferred_image_processing_project;1
kpn;1
gitit_project;1
onenav;1
plib_project;1
simple_image_gallery_web_app_project;1
hospital_management_system_project;1
online_catering_reservation_system_project;1
raspberrypi;1
apartment_visitors_management_system_project;1
s-cart;1
ced_project;1
ethereum;1
passport-saml_project;1
geysermc;1
json-schema_project;1
enrocrypt_project;1
ghost;1
better_errors_project;1
mitmproxy;1
baidu;1
nuxref;1
openbmc-project;1
trueranker;1
digitalzoomstudio;1
heateor;1
hashthemes;1
optinmonster;1
credova;1
pgbouncer;1
catchplugins;1
easyregistrationforms;1
osgeo;1
mylittletools;1
biqs;1
redaxo;1
ubeeinteractive;1
phpmywind;1
libxsmm_project;1
pdftools_project;1
ipack;1
flatcore;1
elgg;1
kimai;1
django-helpdesk_project;1
rapid7;1
artixlinux;1
sonatype;1
libgd;1
rittal;1
uyuni_project;1
spacewalk_project;1
christiedigital;1
gridprosoftware;1
playsms;1
lapack_project;1
openblas_project;1
adaptivescale;1
weechat;1
pureftpd;1
onepeloton;1
sketch;1
ulfius_project;1
opmantek;1
registrationmagic;1
mypresta;1
glewlwyd_sso_server_project;1
acuitybrands;1
rencode_project;1
zenitel;1
gurock;1
publiccms;1
cmsuno_project;1
galera;1
tinyfilemanager_project;1
mkdocs;1
atftp_project;1
gajim;1
xylem;1
listary;1
travis-ci;1
dadamailproject;1
elv;1
rucky_project;1
bluespire;1
nokogiri;1
esphome;1
commonwl;1
keypair_project;1
dynamicpagelist3_project;1
vyper_project;1
zyte;1
rasa;1
hygeia_project;1
pterodactyl;1
evm_project;1
modern-async_project;1
neoan;1
pytorchlightning;1
fluentd;1
duraspace;1
bookstackapp;1
redon;1
thunderdome;1
hangfire;1
auth0;1
zyantific;1
fluxcd;1
flask-appbuilder_project;1
min;1
cron-utils_project;1
sharetribe;1
omikron;1
livehelperchat;1
xss_hunter_express_project;1
payara;1
plasticscm;1
seatd_project;1
boostnote;1
beeline;1
simple_cashiering_system_project;1
cvxopt_project;1
lodging_reservation_management_system_project;1
laquisscada;1
eduvpn;1
acinq;1
elementsproject;1
church_management_system_project;1
online_food_ordering_system_project;1
budget_and_expense_tracker_system_project;1
online_food_ordering_web_app_project;1
hotel_management_system_project;1
pharmacy_point_of_sale_system_project;1
mahadiscom;1
baicloud-cms_project;1
zeek;1
streama_project;1
crocoblock;1
3xlogic;1
aviatorscript_project;1
onionshare;1
socomec;1
skyworth;1
portainer;1
recruitment_management_system_project;1
intelliants;1
tad_book3_project;1
gclib_project;1
accel-ppp;1
visual-tools;1
kaysongroup;1
netsarang;1
simple_payroll_system_with_dynamic_tax_bracket_project;1
anonaddy;1
ifsc_code_finder_project;1
kindsoft;1
check_smart_project;1
bqe;1
revisorlab;1
froxlor;1
xinheinformation;1
openrc_project;1
anaconda;1
contact_form_with_captcha_project;1
legalweb;1
wordpress_popular_posts_project;1
stetic;1
zucchetti;1
business-dnasolutions;1
jeedom;1
microco;1
online_learning_system_project;1
online_event_booking_and_reservation_system_project;1
akka;1
barracuda;1
nothings;1
shell-quote_project;1
pocoo;1
tightvnc;1
plex;1
gjson_project;1
zoho;1
itextpdf;1
fort_validator_project;1
fastadmin;1
formalms;1
phpgurukul;1
simple_subscription_website_project;1
liquidfiles;1
bluez;1
duplicate_post_project;1
iresturant_project;1
thymeleaf;1
vinga;1
servermanagement_project;1
codingforentrepreneurs;1
clustering_project;1
teeworlds;1
uclibc;1
uclibc-ng_project;1
doctrine-project;1
gmplib;1
thinkup;1
swoole;1
shopex;1
libretime;1
tripexpress_project;1
aimstack;1
redash;1
backstage;1
nodebb;1
requarks;1
mercurius_project;1
bundler;1
rizin;1
lxml;1
apereo;1
jackalope_doctrine-dbal_project;1
openproject;1
gradio_project;1
ukg;1
msedgeredirect_project;1
gerapy;1
wolterskluwer;1
quagga;1
isync_project;1
crocontrol;1
transloadit;1
cth;1
changingtec;1
acclaimsystems;1
gin-vue-admin_project;1
librenms;1
attendance_management_system_project;1
bus_pass_management_system_project;1
rosariosis;1
ipuptime;1
vercot;1
wokkalokka;1
cinny_project;1
online_mens_salon_management_system_project;1
online_magazine_management_system_project;1
online_pre-owned\/used_car_showroom_management_system_project;1
github-todos_project;1
git-it_project;1
calibre-ebook;1
knime;1
catfish-cms;1
hd-network_real-time_monitoring_system_project;1
cybelesoft;1
ssh_\&_web_terminal_project;1
ksmbd_project;1
simple_forum\/discussion_system_project;1
simple_cold_storage_management_system_project;1
video_sharing_website_project;1
webassembly;1
gegl;1
gimp;1
circl;1
vec-const_project;1
derive-com-impl_project;1
bronzedb-protocol_project;1
binjs_io_project;1
flumedb_project;1
columnar_project;1
ash_project;1
gfx-auxil_project;1
rdiff_project;1
mopa_project;1
sha2_project;1
tectonic_xdv_project;1
metrics-util_project;1
nanorand_project;1
zeroize_derive_project;1
abomonation_project;1
crypto2_project;1
simple_asn1_project;1
rust-embed_project;1
lru_cache_project;1
nettemp;1
brave;1
authguard_project;1
sun_moon_jingyao;1
giftrans_project;1
