nvidia jetson_nano;24
nvidia jetson_xavier_nx;18
huawei imanager_neteco_6000;14
huawei imanager_neteco;13
aruba aruba_instant;11
nvidia geforce_gtx_950;8
nvidia geforce_gtx_960;8
nvidia geforce_gtx_970;8
nvidia geforce_gtx_980;8
nvidia geforce_gtx_titan_x;8
nvidia jetson_tx1;8
nvidia quadro_m1000m;8
nvidia quadro_m1200;8
nvidia quadro_m2000;8
nvidia quadro_m2000m;8
nvidia quadro_m2200;8
nvidia quadro_m3000m;8
nvidia quadro_m4000;8
nvidia quadro_m4000m;8
nvidia quadro_m5000;8
nvidia quadro_m5000m;8
nvidia quadro_m500m;8
nvidia quadro_m520;8
nvidia quadro_m5500;8
nvidia quadro_m6000;8
nvidia quadro_m600m;8
nvidia quadro_m620;8
nvidia shield_tv;8
nvidia shield_tv_pro;8
nvidia tesla_m10;8
nvidia tesla_m4;8
nvidia tesla_m40;8
nvidia tesla_m6;8
nvidia tesla_m60;8
nvidia tesla_p100;8
nvidia geforce_gt_605;7
nvidia geforce_gt_610;7
nvidia geforce_gt_620;7
nvidia geforce_gt_625;7
nvidia geforce_gt_630;7
nvidia geforce_gt_635;7
nvidia geforce_gt_640;7
nvidia geforce_gt_705;7
nvidia geforce_gt_710;7
nvidia geforce_gt_720;7
nvidia geforce_gt_730;7
nvidia geforce_gt_740;7
nvidia geforce_gtx_645;7
nvidia geforce_gtx_650;7
nvidia geforce_gtx_650_ti;7
nvidia geforce_gtx_650_ti_boost;7
nvidia geforce_gtx_660;7
nvidia geforce_gtx_660_ti;7
nvidia geforce_gtx_670;7
nvidia geforce_gtx_680;7
nvidia geforce_gtx_690;7
nvidia geforce_gtx_745;7
nvidia geforce_gtx_750;7
nvidia geforce_gtx_750_ti;7
nvidia geforce_gtx_760;7
nvidia geforce_gtx_760_ti;7
nvidia geforce_gtx_770;7
nvidia geforce_gtx_780;7
nvidia geforce_gtx_780_ti;7
nvidia gtx_titan;7
nvidia gtx_titan_black;7
nvidia gtx_titan_z;7
nvidia dgx-1_p100;6
nvidia dgx-1_v100;6
nvidia dgx-2;6
nvidia dgx_station_a100;6
nvidia geforce_gtx_1050;6
nvidia geforce_gtx_1050_ti;6
nvidia geforce_gtx_1060;6
nvidia geforce_gtx_1070;6
nvidia geforce_gtx_1070_ti;6
nvidia geforce_gtx_1080;6
nvidia geforce_gtx_1080_ti;6
nvidia jetson_agx_xavier_16gb;6
nvidia jetson_agx_xavier_32gb;6
nvidia jetson_agx_xavier_8gb;6
nvidia jetson_tx2;6
nvidia jetson_tx2_4gb;6
nvidia jetson_tx2_nx;6
nvidia jetson_tx2i;6
nvidia nvidia_hgx-2;6
nvidia quadro_gv100;6
nvidia quadro_p1000;6
nvidia quadro_p2000;6
nvidia quadro_p2200;6
nvidia quadro_p3000;6
nvidia quadro_p3200;6
nvidia quadro_p400;6
nvidia quadro_p4000;6
nvidia quadro_p4200;6
nvidia quadro_p500;6
nvidia quadro_p5000;6
nvidia quadro_p520;6
nvidia quadro_p5200;6
nvidia quadro_p600;6
nvidia quadro_p6000;6
nvidia quadro_p620;6
nvidia tesla_p4;6
nvidia tesla_p40;6
nvidia tesla_p6;6
nvidia tesla_v100;6
nvidia tesla_v100s;6
nvidia titan_v;6
nvidia titan_x;6
nvidia titan_xp;6
nvidia drive_constellation;5
nvidia geforce_gtx_1650;5
nvidia geforce_gtx_1650_super;5
nvidia geforce_gtx_1660;5
nvidia geforce_gtx_1660_super;5
nvidia geforce_gtx_1660_ti;5
nvidia geforce_rtx_2060;5
nvidia geforce_rtx_2060_super;5
nvidia geforce_rtx_2070;5
nvidia geforce_rtx_2070_super;5
nvidia geforce_rtx_2080;5
nvidia geforce_rtx_2080_super;5
nvidia geforce_rtx_2080_ti;5
nvidia nvidia_t1000;5
nvidia nvidia_t2000;5
nvidia nvidia_t4;5
nvidia nvidia_t400;5
nvidia nvidia_t600;5
nvidia quadro_rtx_3000;5
nvidia quadro_rtx_4000;5
nvidia quadro_rtx_5000;5
nvidia quadro_rtx_6000;5
nvidia quadro_rtx_8000;5
nvidia quadro_t1000;5
nvidia quadro_t2000;5
nvidia quadro_t400;5
nvidia quadro_t600;5
nvidia titan_rtx;5
intel core_i7-10700k;4
intel core_i7-7700k;4
netapp hci_storage_node;4
schneider-electric modicon_m340_bmxp341000;4
schneider-electric modicon_m340_bmxp342010;4
schneider-electric modicon_m340_bmxp342020;4
schneider-electric modicon_m340_bmxp342030;4
schneider-electric modicon_m580_bmeh582040;4
schneider-electric modicon_m580_bmeh582040c;4
schneider-electric modicon_m580_bmeh582040s;4
schneider-electric modicon_m580_bmeh584040;4
schneider-electric modicon_m580_bmeh584040c;4
schneider-electric modicon_m580_bmeh584040s;4
schneider-electric modicon_m580_bmeh586040;4
schneider-electric modicon_m580_bmeh586040c;4
schneider-electric modicon_m580_bmeh586040s;4
schneider-electric modicon_m580_bmep581020;4
schneider-electric modicon_m580_bmep581020h;4
schneider-electric modicon_m580_bmep582020;4
schneider-electric modicon_m580_bmep582020h;4
schneider-electric modicon_m580_bmep582040;4
schneider-electric modicon_m580_bmep582040h;4
schneider-electric modicon_m580_bmep582040s;4
schneider-electric modicon_m580_bmep583020;4
schneider-electric modicon_m580_bmep583040;4
schneider-electric modicon_m580_bmep584020;4
schneider-electric modicon_m580_bmep584040;4
schneider-electric modicon_m580_bmep584040s;4
schneider-electric modicon_m580_bmep585040;4
schneider-electric modicon_m580_bmep585040c;4
schneider-electric modicon_m580_bmep586040;4
schneider-electric modicon_m580_bmep586040c;4
schneider-electric modicon_mc80_bmkc8020301;4
schneider-electric modicon_mc80_bmkc8020310;4
schneider-electric modicon_mc80_bmkc8030311;4
schneider-electric modicon_momentum_171cbu78090;4
schneider-electric modicon_momentum_171cbu98090;4
schneider-electric modicon_momentum_171cbu98091;4
schneider-electric modicon_premium_tsxp57_1634m;4
schneider-electric modicon_premium_tsxp57_2634m;4
schneider-electric modicon_premium_tsxp57_2834m;4
schneider-electric modicon_premium_tsxp57_454m;4
schneider-electric modicon_premium_tsxp57_4634m;4
schneider-electric modicon_premium_tsxp57_554m;4
schneider-electric modicon_premium_tsxp57_5634m;4
schneider-electric modicon_premium_tsxp57_6634m;4
schneider-electric modicon_quantum_140cpu65150;4
schneider-electric modicon_quantum_140cpu65150c;4
schneider-electric modicon_quantum_140cpu65160;4
schneider-electric modicon_quantum_140cpu65160c;4
schneider-electric plc_simulator_for_ecostruxure_control_expert;4
schneider-electric plc_simulator_for_ecostruxure_process_expert;4
intel core_i5-7640x;3
intel core_i7-3820;3
intel core_i7-3920xm;3
intel core_i7-3930k;3
intel core_i7-3940xm;3
intel core_i7-3960x;3
intel core_i7-3970x;3
intel core_i7-4820k;3
intel core_i7-4930k;3
intel core_i7-4930mx;3
intel core_i7-4940mx;3
intel core_i7-4960x;3
intel core_i7-5820k;3
intel core_i7-5930k;3
intel core_i7-5960x;3
intel core_i7-6800k;3
intel core_i7-6850k;3
intel core_i7-6900k;3
intel core_i7-6950x;3
intel core_i7-7740x;3
intel core_i7-7800x;3
intel core_i7-7820x;3
intel core_i7-9800x;3
intel core_i9-10900x;3
intel core_i9-10920x;3
intel core_i9-10940x;3
intel core_i9-10980xe;3
intel core_i9-7900x;3
intel core_i9-7920x;3
intel core_i9-7940x;3
intel core_i9-7960x;3
intel core_i9-7980xe;3
intel core_i9-9820x;3
intel core_i9-9900x;3
intel core_i9-9920x;3
intel core_i9-9940x;3
intel core_i9-9960x;3
intel core_i9-9980xe;3
intel xeon_silver_4214;3
intel xeon_w-10855m;3
intel xeon_w-10885m;3
intel xeon_w-11855m;3
intel xeon_w-11955m;3
intel xeon_w-1250;3
intel xeon_w-1250e;3
intel xeon_w-1250p;3
intel xeon_w-1250te;3
intel xeon_w-1270;3
intel xeon_w-1270e;3
intel xeon_w-1270p;3
intel xeon_w-1270te;3
intel xeon_w-1290;3
intel xeon_w-1290e;3
intel xeon_w-1290p;3
intel xeon_w-1290t;3
intel xeon_w-1290te;3
intel xeon_w-1350;3
intel xeon_w-1350p;3
intel xeon_w-1370;3
intel xeon_w-1370p;3
intel xeon_w-1390;3
intel xeon_w-1390p;3
intel xeon_w-1390t;3
intel xeon_w-2123;3
intel xeon_w-2125;3
intel xeon_w-2133;3
intel xeon_w-2135;3
intel xeon_w-2145;3
intel xeon_w-2155;3
intel xeon_w-2175;3
intel xeon_w-2195;3
intel xeon_w-2223;3
intel xeon_w-2225;3
intel xeon_w-2235;3
intel xeon_w-2245;3
intel xeon_w-2255;3
intel xeon_w-2265;3
intel xeon_w-2275;3
intel xeon_w-2295;3
intel xeon_w-3175x;3
intel xeon_w-3223;3
intel xeon_w-3225;3
intel xeon_w-3235;3
intel xeon_w-3245;3
intel xeon_w-3245m;3
intel xeon_w-3265;3
intel xeon_w-3265m;3
intel xeon_w-3275;3
intel xeon_w-3275m;3
netapp hci_compute_node;3
intel celeron_n2805;2
intel celeron_n2806;2
intel celeron_n2807;2
intel celeron_n2808;2
intel celeron_n2810;2
intel celeron_n2815;2
intel celeron_n2820;2
intel celeron_n2830;2
intel celeron_n2840;2
intel celeron_n2910;2
intel celeron_n2920;2
intel celeron_n2930;2
intel celeron_n2940;2
intel celeron_n3000;2
intel celeron_n3010;2
intel celeron_n3050;2
intel celeron_n3060;2
intel celeron_n3150;2
intel celeron_n3160;2
intel celeron_n3350;2
intel celeron_n3350e;2
intel celeron_n3450;2
intel celeron_n4000;2
intel celeron_n4020;2
intel celeron_n4100;2
intel celeron_n4120;2
intel celeron_n4500;2
intel celeron_n4505;2
intel celeron_n5100;2
intel celeron_n5105;2
intel celeron_n6210;2
intel celeron_n6211;2
intel core_i3-1000g1;2
intel core_i3-1000g4;2
intel core_i3-1005g1;2
intel core_i3-10100;2
intel core_i3-10100e;2
intel core_i3-10100f;2
intel core_i3-10100t;2
intel core_i3-10100te;2
intel core_i3-10100y;2
intel core_i3-10105;2
intel core_i3-10105f;2
intel core_i3-10105t;2
intel core_i3-10110u;2
intel core_i3-10110y;2
intel core_i3-10300;2
intel core_i3-10300t;2
intel core_i3-10305;2
intel core_i3-10305t;2
intel core_i3-10320;2
intel core_i3-10325;2
intel core_i3-11100he;2
intel core_i3-1110g4;2
intel core_i3-1115g4;2
intel core_i3-1115g4e;2
intel core_i3-1115gre;2
intel core_i3-1120g4;2
intel core_i3-1125g4;2
intel core_i3-7020u;2
intel core_i3-7100;2
intel core_i3-7100e;2
intel core_i3-7100h;2
intel core_i3-7100t;2
intel core_i3-7100u;2
intel core_i3-7101e;2
intel core_i3-7101te;2
intel core_i3-7102e;2
intel core_i3-7130u;2
intel core_i3-7167u;2
intel core_i3-7300;2
intel core_i3-7300t;2
intel core_i3-7320;2
intel core_i3-7350k;2
intel core_i3-8100;2
intel core_i3-8100b;2
intel core_i3-8100h;2
intel core_i3-8100t;2
intel core_i3-8109u;2
intel core_i3-8130u;2
intel core_i3-8140u;2
intel core_i3-8145u;2
intel core_i3-8145ue;2
intel core_i3-8300;2
intel core_i3-8300t;2
intel core_i3-8350k;2
intel core_i5-10200h;2
intel core_i5-10210u;2
intel core_i5-10210y;2
intel core_i5-10300h;2
intel core_i5-1030g4;2
intel core_i5-1030g7;2
intel core_i5-10310u;2
intel core_i5-10310y;2
intel core_i5-1035g1;2
intel core_i5-1035g4;2
intel core_i5-1035g7;2
intel core_i5-1038ng7;2
intel core_i5-10400;2
intel core_i5-10400f;2
intel core_i5-10400h;2
intel core_i5-10400t;2
intel core_i5-10500;2
intel core_i5-10500e;2
intel core_i5-10500h;2
intel core_i5-10500t;2
intel core_i5-10500te;2
intel core_i5-10505;2
intel core_i5-10600;2
intel core_i5-10600k;2
intel core_i5-10600kf;2
intel core_i5-10600t;2
intel core_i5-11260h;2
intel core_i5-11300h;2
intel core_i5-1130g7;2
intel core_i5-11320h;2
intel core_i5-1135g7;2
intel core_i5-11400;2
intel core_i5-11400f;2
intel core_i5-11400h;2
intel core_i5-11400t;2
intel core_i5-1140g7;2
intel core_i5-1145g7;2
intel core_i5-1145g7e;2
intel core_i5-1145gre;2
intel core_i5-11500;2
intel core_i5-11500h;2
intel core_i5-11500he;2
intel core_i5-11500t;2
intel core_i5-1155g7;2
intel core_i5-11600;2
intel core_i5-11600k;2
intel core_i5-11600kf;2
intel core_i5-11600t;2
intel core_i5-7200u;2
intel core_i5-7260u;2
intel core_i5-7267u;2
intel core_i5-7287u;2
intel core_i5-7300hq;2
intel core_i5-7300u;2
intel core_i5-7360u;2
intel core_i5-7400;2
intel core_i5-7400t;2
intel core_i5-7440eq;2
intel core_i5-7440hq;2
intel core_i5-7442eq;2
intel core_i5-7500;2
intel core_i5-7500t;2
intel core_i5-7600;2
intel core_i5-7600k;2
intel core_i5-7600t;2
intel core_i5-7y54;2
intel core_i5-7y57;2
intel core_i5-8200y;2
intel core_i5-8210y;2
intel core_i5-8250u;2
intel core_i5-8257u;2
intel core_i5-8259u;2
intel core_i5-8260u;2
intel core_i5-8265u;2
intel core_i5-8269u;2
intel core_i5-8279u;2
intel core_i5-8300h;2
intel core_i5-8305g;2
intel core_i5-8310y;2
intel core_i5-8350u;2
intel core_i5-8365u;2
intel core_i5-8365ue;2
intel core_i5-8400;2
intel core_i5-8400b;2
intel core_i5-8400h;2
intel core_i5-8400t;2
intel core_i5-8500;2
intel core_i5-8500b;2
intel core_i5-8500t;2
intel core_i5-8600;2
intel core_i5-8600k;2
intel core_i5-8600t;2
intel core_i7-10510u;2
intel core_i7-10510y;2
intel core_i7-1060g7;2
intel core_i7-10610u;2
intel core_i7-1065g7;2
intel core_i7-1068ng7;2
intel core_i7-10700;2
intel core_i7-10700e;2
intel core_i7-10700f;2
intel core_i7-10700kf;2
intel core_i7-10700t;2
intel core_i7-10700te;2
intel core_i7-10710u;2
intel core_i7-10750h;2
intel core_i7-10810u;2
intel core_i7-10850h;2
intel core_i7-10870h;2
intel core_i7-10875h;2
intel core_i7-11370h;2
intel core_i7-11375h;2
intel core_i7-11390h;2
intel core_i7-11600h;2
intel core_i7-1160g7;2
intel core_i7-1165g7;2
intel core_i7-11700;2
intel core_i7-11700f;2
intel core_i7-11700k;2
intel core_i7-11700kf;2
intel core_i7-11700t;2
intel core_i7-11800h;2
intel core_i7-1180g7;2
intel core_i7-11850h;2
intel core_i7-11850he;2
intel core_i7-1185g7;2
intel core_i7-1185g7e;2
intel core_i7-1185gre;2
intel core_i7-1195g7;2
intel core_i7-7500u;2
intel core_i7-7560u;2
intel core_i7-7567u;2
intel core_i7-7600u;2
intel core_i7-7660u;2
intel core_i7-7700;2
intel core_i7-7700hq;2
intel core_i7-7700t;2
intel core_i7-7820eq;2
intel core_i7-7820hk;2
intel core_i7-7820hq;2
intel core_i7-7920hq;2
intel core_i7-7y75;2
intel core_i7-8086k;2
intel core_i7-8500y;2
intel core_i7-8550u;2
intel core_i7-8557u;2
intel core_i7-8559u;2
intel core_i7-8565u;2
intel core_i7-8569u;2
intel core_i7-8650u;2
intel core_i7-8665u;2
intel core_i7-8665ue;2
intel core_i7-8700;2
intel core_i7-8700b;2
intel core_i7-8700k;2
intel core_i7-8700t;2
intel core_i7-8705g;2
intel core_i7-8706g;2
intel core_i7-8709g;2
intel core_i7-8750h;2
intel core_i7-8809g;2
intel core_i7-8850h;2
intel core_i9-10850k;2
intel core_i9-10885h;2
intel core_i9-10900;2
intel core_i9-10900e;2
intel core_i9-10900f;2
intel core_i9-10900k;2
intel core_i9-10900kf;2
intel core_i9-10900t;2
intel core_i9-10900te;2
intel core_i9-10980hk;2
intel core_i9-11900;2
intel core_i9-11900f;2
intel core_i9-11900h;2
intel core_i9-11900k;2
intel core_i9-11900kf;2
intel core_i9-11900t;2
intel core_i9-11950h;2
intel core_i9-11980hk;2
intel core_i9-8950hk;2
intel pentium_silver_j5005;2
intel pentium_silver_j5040;2
intel pentium_silver_n5000;2
intel pentium_silver_n5030;2
intel pentium_silver_n6000;2
intel pentium_silver_n6005;2
intel xeon_e-2124;2
intel xeon_e-2124g;2
intel xeon_e-2126g;2
intel xeon_e-2134;2
intel xeon_e-2136;2
intel xeon_e-2144g;2
intel xeon_e-2146g;2
intel xeon_e-2174g;2
intel xeon_e-2176g;2
intel xeon_e-2176m;2
intel xeon_e-2186g;2
intel xeon_e-2186m;2
intel xeon_e-2224;2
intel xeon_e-2224g;2
intel xeon_e-2226g;2
intel xeon_e-2226ge;2
intel xeon_e-2234;2
intel xeon_e-2236;2
intel xeon_e-2244g;2
intel xeon_e-2246g;2
intel xeon_e-2254me;2
intel xeon_e-2254ml;2
intel xeon_e-2274g;2
intel xeon_e-2276g;2
intel xeon_e-2276m;2
intel xeon_e-2276me;2
intel xeon_e-2276ml;2
intel xeon_e-2278g;2
intel xeon_e-2278ge;2
intel xeon_e-2278gel;2
intel xeon_e-2286g;2
intel xeon_e-2286m;2
intel xeon_e-2288g;2
intel xeon_e-2314;2
intel xeon_e-2324g;2
intel xeon_e-2334;2
intel xeon_e-2336;2
intel xeon_e-2356g;2
intel xeon_e-2374g;2
intel xeon_e-2378;2
intel xeon_e-2378g;2
intel xeon_e-2386g;2
intel xeon_e-2388g;2
intel xeon_e3-1220_v6;2
intel xeon_e3-1225_v6;2
intel xeon_e3-1230_v6;2
intel xeon_e3-1240_v6;2
intel xeon_e3-1245_v6;2
intel xeon_e3-1270_v6;2
intel xeon_e3-1275_v6;2
intel xeon_e3-1280_v6;2
intel xeon_e3-1285_v6;2
intel xeon_e3-1501l_v6;2
intel xeon_e3-1501m_v6;2
intel xeon_e3-1505l_v6;2
intel xeon_e3-1505m_v6;2
intel xeon_e3-1535m_v6;2
intel xeon_gold_5315y;2
intel xeon_gold_5317;2
intel xeon_gold_5318h;2
intel xeon_gold_5318n;2
intel xeon_gold_5318s;2
intel xeon_gold_5318y;2
intel xeon_gold_5320;2
intel xeon_gold_5320h;2
intel xeon_gold_5320t;2
intel xeon_gold_6312u;2
intel xeon_gold_6314u;2
intel xeon_gold_6326;2
intel xeon_gold_6328h;2
intel xeon_gold_6328hl;2
intel xeon_gold_6330;2
intel xeon_gold_6330h;2
intel xeon_gold_6330n;2
intel xeon_gold_6334;2
intel xeon_gold_6336y;2
intel xeon_gold_6338;2
intel xeon_gold_6338n;2
intel xeon_gold_6338t;2
intel xeon_gold_6342;2
intel xeon_gold_6346;2
intel xeon_gold_6348;2
intel xeon_gold_6348h;2
intel xeon_gold_6354;2
intel xeon_platinum_8351n;2
intel xeon_platinum_8352m;2
intel xeon_platinum_8352s;2
intel xeon_platinum_8352v;2
intel xeon_platinum_8352y;2
intel xeon_platinum_8353h;2
intel xeon_platinum_8354h;2
intel xeon_platinum_8356h;2
intel xeon_platinum_8358;2
intel xeon_platinum_8358p;2
intel xeon_platinum_8360h;2
intel xeon_platinum_8360hl;2
intel xeon_platinum_8360y;2
intel xeon_platinum_8362;2
intel xeon_platinum_8368;2
intel xeon_platinum_8368q;2
intel xeon_platinum_8376h;2
intel xeon_platinum_8376hl;2
intel xeon_platinum_8380;2
intel xeon_platinum_8380h;2
intel xeon_platinum_8380hl;2
intel xeon_silver_4309y;2
intel xeon_silver_4310;2
intel xeon_silver_4310t;2
intel xeon_silver_4314;2
intel xeon_silver_4316;2
intel xeon_w-11155mle;2
intel xeon_w-11155mre;2
intel xeon_w-11555mle;2
intel xeon_w-11555mre;2
intel xeon_w-11865mle;2
intel xeon_w-11865mre;2
intel xeon_w-3323;2
intel xeon_w-3335;2
intel xeon_w-3345;2
intel xeon_w-3365;2
intel xeon_w-3375;2
arm cortex-a72;2
broadcom bcm2711;2
intel core_i9-9900k;2
netgear rbk752;2
intel xeon_bronze_3104;1
intel xeon_bronze_3106;1
intel xeon_bronze_3204;1
intel xeon_bronze_3206r;1
intel xeon_d-1513n;1
intel xeon_d-1518;1
intel xeon_d-1520;1
intel xeon_d-1521;1
intel xeon_d-1523n;1
intel xeon_d-1524n;1
intel xeon_d-1527;1
intel xeon_d-1528;1
intel xeon_d-1529;1
intel xeon_d-1531;1
intel xeon_d-1533n;1
intel xeon_d-1537;1
intel xeon_d-1539;1
intel xeon_d-1540;1
intel xeon_d-1541;1
intel xeon_d-1543n;1
intel xeon_d-1548;1
intel xeon_d-1553n;1
intel xeon_d-1557;1
intel xeon_d-1559;1
intel xeon_d-1563n;1
intel xeon_d-1567;1
intel xeon_d-1571;1
intel xeon_d-1573n;1
intel xeon_d-1577;1
intel xeon_d-1581;1
intel xeon_d-1587;1
intel xeon_d-1602;1
intel xeon_d-1612;1
intel xeon_d-1622;1
intel xeon_d-1623n;1
intel xeon_d-1627;1
intel xeon_d-1632;1
intel xeon_d-1633n;1
intel xeon_d-1637;1
intel xeon_d-1649n;1
intel xeon_d-1653n;1
intel xeon_d-2123it;1
intel xeon_d-2141i;1
intel xeon_d-2142it;1
intel xeon_d-2143it;1
intel xeon_d-2145nt;1
intel xeon_d-2146nt;1
intel xeon_d-2161i;1
intel xeon_d-2163it;1
intel xeon_d-2166nt;1
intel xeon_d-2173it;1
intel xeon_d-2177nt;1
intel xeon_d-2183it;1
intel xeon_d-2187nt;1
intel xeon_d-2191;1
intel xeon_e5-1428l_v3;1
intel xeon_e5-1603_v3;1
intel xeon_e5-1603_v4;1
intel xeon_e5-1607_v3;1
intel xeon_e5-1607_v4;1
intel xeon_e5-1620_v3;1
intel xeon_e5-1620_v4;1
intel xeon_e5-1630_v3;1
intel xeon_e5-1630_v4;1
intel xeon_e5-1650_v3;1
intel xeon_e5-1650_v4;1
intel xeon_e5-1660_v3;1
intel xeon_e5-1660_v4;1
intel xeon_e5-1680_v3;1
intel xeon_e5-1680_v4;1
intel xeon_e5-2408l_v3;1
intel xeon_e5-2418l_v3;1
intel xeon_e5-2428l_v3;1
intel xeon_e5-2438l_v3;1
intel xeon_e5-2603_v3;1
intel xeon_e5-2603_v4;1
intel xeon_e5-2608l_v3;1
intel xeon_e5-2608l_v4;1
intel xeon_e5-2609_v3;1
intel xeon_e5-2609_v4;1
intel xeon_e5-2618l_v3;1
intel xeon_e5-2618l_v4;1
intel xeon_e5-2620_v3;1
intel xeon_e5-2620_v4;1
intel xeon_e5-2623_v3;1
intel xeon_e5-2623_v4;1
intel xeon_e5-2628l_v3;1
intel xeon_e5-2628l_v4;1
intel xeon_e5-2630_v3;1
intel xeon_e5-2630_v4;1
intel xeon_e5-2630l_v3;1
intel xeon_e5-2630l_v4;1
intel xeon_e5-2637_v3;1
intel xeon_e5-2637_v4;1
intel xeon_e5-2640_v3;1
intel xeon_e5-2640_v4;1
intel xeon_e5-2643_v3;1
intel xeon_e5-2643_v4;1
intel xeon_e5-2648l_v3;1
intel xeon_e5-2648l_v4;1
intel xeon_e5-2650_v3;1
intel xeon_e5-2650_v4;1
intel xeon_e5-2650l_v3;1
intel xeon_e5-2650l_v4;1
intel xeon_e5-2658_v3;1
intel xeon_e5-2658_v4;1
intel xeon_e5-2658a_v3;1
intel xeon_e5-2660_v3;1
intel xeon_e5-2660_v4;1
intel xeon_e5-2667_v3;1
intel xeon_e5-2667_v4;1
intel xeon_e5-2670_v3;1
intel xeon_e5-2679_v4;1
intel xeon_e5-2680_v3;1
intel xeon_e5-2680_v4;1
intel xeon_e5-2683_v3;1
intel xeon_e5-2683_v4;1
intel xeon_e5-2685_v3;1
intel xeon_e5-2687w_v3;1
intel xeon_e5-2687w_v4;1
intel xeon_e5-2689_v4;1
intel xeon_e5-2690_v3;1
intel xeon_e5-2690_v4;1
intel xeon_e5-2695_v3;1
intel xeon_e5-2695_v4;1
intel xeon_e5-2697_v3;1
intel xeon_e5-2697_v4;1
intel xeon_e5-2697a_v4;1
intel xeon_e5-2698_v3;1
intel xeon_e5-2698_v4;1
intel xeon_e5-2699_v3;1
intel xeon_e5-2699_v4;1
intel xeon_e5-2699a_v4;1
intel xeon_e5-2699r_v4;1
intel xeon_e5-4610_v3;1
intel xeon_e5-4610_v4;1
intel xeon_e5-4620_v3;1
intel xeon_e5-4620_v4;1
intel xeon_e5-4627_v3;1
intel xeon_e5-4627_v4;1
intel xeon_e5-4628l_v4;1
intel xeon_e5-4640_v3;1
intel xeon_e5-4640_v4;1
intel xeon_e5-4648_v3;1
intel xeon_e5-4650_v3;1
intel xeon_e5-4650_v4;1
intel xeon_e5-4655_v3;1
intel xeon_e5-4655_v4;1
intel xeon_e5-4660_v3;1
intel xeon_e5-4660_v4;1
intel xeon_e5-4667_v3;1
intel xeon_e5-4667_v4;1
intel xeon_e5-4669_v3;1
intel xeon_e5-4669_v4;1
intel xeon_gold_5115;1
intel xeon_gold_5117;1
intel xeon_gold_5117f;1
intel xeon_gold_5118;1
intel xeon_gold_5119t;1
intel xeon_gold_5120;1
intel xeon_gold_5120t;1
intel xeon_gold_5122;1
intel xeon_gold_5215;1
intel xeon_gold_5215l;1
intel xeon_gold_5217;1
intel xeon_gold_5218;1
intel xeon_gold_5218b;1
intel xeon_gold_5218n;1
intel xeon_gold_5218r;1
intel xeon_gold_5218t;1
intel xeon_gold_5219y;1
intel xeon_gold_5220;1
intel xeon_gold_5220r;1
intel xeon_gold_5220s;1
intel xeon_gold_5220t;1
intel xeon_gold_5222;1
intel xeon_gold_6122;1
intel xeon_gold_6126;1
intel xeon_gold_6126f;1
intel xeon_gold_6126t;1
intel xeon_gold_6128;1
intel xeon_gold_6129;1
intel xeon_gold_6130;1
intel xeon_gold_6130f;1
intel xeon_gold_6130h;1
intel xeon_gold_6130t;1
intel xeon_gold_6132;1
intel xeon_gold_6134;1
intel xeon_gold_6134m;1
intel xeon_gold_6135;1
intel xeon_gold_6136;1
intel xeon_gold_6137;1
intel xeon_gold_6138;1
intel xeon_gold_6138f;1
intel xeon_gold_6138p;1
intel xeon_gold_6138t;1
intel xeon_gold_6140;1
intel xeon_gold_6140m;1
intel xeon_gold_6142;1
intel xeon_gold_6142f;1
intel xeon_gold_6142m;1
intel xeon_gold_6143;1
intel xeon_gold_6144;1
intel xeon_gold_6146;1
intel xeon_gold_6148;1
intel xeon_gold_6148f;1
intel xeon_gold_6150;1
intel xeon_gold_6152;1
intel xeon_gold_6154;1
intel xeon_gold_6162;1
intel xeon_gold_6208u;1
intel xeon_gold_6209u;1
intel xeon_gold_6210u;1
intel xeon_gold_6212u;1
intel xeon_gold_6222;1
intel xeon_gold_6222v;1
intel xeon_gold_6226;1
intel xeon_gold_6226r;1
intel xeon_gold_6230;1
intel xeon_gold_6230n;1
intel xeon_gold_6230r;1
intel xeon_gold_6230t;1
intel xeon_gold_6234;1
intel xeon_gold_6238;1
intel xeon_gold_6238l;1
intel xeon_gold_6238r;1
intel xeon_gold_6238t;1
intel xeon_gold_6240;1
intel xeon_gold_6240l;1
intel xeon_gold_6240r;1
intel xeon_gold_6240y;1
intel xeon_gold_6242;1
intel xeon_gold_6242r;1
intel xeon_gold_6244;1
intel xeon_gold_6246;1
intel xeon_gold_6246r;1
intel xeon_gold_6248;1
intel xeon_gold_6248r;1
intel xeon_gold_6250;1
intel xeon_gold_6250l;1
intel xeon_gold_6252;1
intel xeon_gold_6252n;1
intel xeon_gold_6254;1
intel xeon_gold_6256;1
intel xeon_gold_6258r;1
intel xeon_gold_6262;1
intel xeon_gold_6262v;1
intel xeon_gold_6269y;1
intel xeon_platinum_8153;1
intel xeon_platinum_8156;1
intel xeon_platinum_8158;1
intel xeon_platinum_8160;1
intel xeon_platinum_8160f;1
intel xeon_platinum_8160h;1
intel xeon_platinum_8160m;1
intel xeon_platinum_8160t;1
intel xeon_platinum_8164;1
intel xeon_platinum_8165;1
intel xeon_platinum_8168;1
intel xeon_platinum_8170;1
intel xeon_platinum_8170m;1
intel xeon_platinum_8174;1
intel xeon_platinum_8176;1
intel xeon_platinum_8176f;1
intel xeon_platinum_8176m;1
intel xeon_platinum_8180;1
intel xeon_platinum_8180m;1
intel xeon_platinum_8253;1
intel xeon_platinum_8256;1
intel xeon_platinum_8260;1
intel xeon_platinum_8260l;1
intel xeon_platinum_8260y;1
intel xeon_platinum_8268;1
intel xeon_platinum_8270;1
intel xeon_platinum_8274;1
intel xeon_platinum_8276;1
intel xeon_platinum_8276l;1
intel xeon_platinum_8280;1
intel xeon_platinum_8280l;1
intel xeon_platinum_8284;1
intel xeon_platinum_9221;1
intel xeon_platinum_9222;1
intel xeon_platinum_9242;1
intel xeon_platinum_9282;1
intel xeon_silver_4106h;1
intel xeon_silver_4108;1
intel xeon_silver_4109t;1
intel xeon_silver_4110;1
intel xeon_silver_4112;1
intel xeon_silver_4114;1
intel xeon_silver_4114t;1
intel xeon_silver_4116;1
intel xeon_silver_4116t;1
intel xeon_silver_4123;1
intel xeon_silver_4208;1
intel xeon_silver_4209t;1
intel xeon_silver_4210;1
intel xeon_silver_4210r;1
intel xeon_silver_4210t;1
intel xeon_silver_4214r;1
intel xeon_silver_4214y;1
intel xeon_silver_4215;1
intel xeon_silver_4215r;1
intel xeon_silver_4216;1
intel xeon_w-2102;1
intel xeon_w-2104;1
nvidia tesla_m2050;1
nvidia tesla_m2070;1
nvidia tesla_m2070q;1
nvidia tesla_m2090;1
amd epyc_7232p;1
amd epyc_7251;1
amd epyc_7252;1
amd epyc_7261;1
amd epyc_7262;1
amd epyc_7272;1
amd epyc_7281;1
amd epyc_7282;1
amd epyc_72f3;1
amd epyc_7301;1
amd epyc_7302;1
amd epyc_7302p;1
amd epyc_7313;1
amd epyc_7313p;1
amd epyc_7343;1
amd epyc_7351;1
amd epyc_7351p;1
amd epyc_7352;1
amd epyc_7371;1
amd epyc_73f3;1
amd epyc_7401;1
amd epyc_7401p;1
amd epyc_7402;1
amd epyc_7402p;1
amd epyc_7413;1
amd epyc_7443;1
amd epyc_7443p;1
amd epyc_7451;1
amd epyc_7452;1
amd epyc_7453;1
amd epyc_74f3;1
amd epyc_7501;1
amd epyc_7502;1
amd epyc_7502p;1
amd epyc_7513;1
amd epyc_7532;1
amd epyc_7542;1
amd epyc_7543;1
amd epyc_7543p;1
amd epyc_7551;1
amd epyc_7551p;1
amd epyc_7552;1
amd epyc_75f3;1
amd epyc_7601;1
amd epyc_7642;1
amd epyc_7643;1
amd epyc_7662;1
amd epyc_7663;1
amd epyc_7702;1
amd epyc_7702p;1
amd epyc_7713;1
amd epyc_7713p;1
amd epyc_7742;1
amd epyc_7763;1
amd epyc_7f32;1
amd epyc_7f52;1
amd epyc_7f72;1
amd epyc_7h12;1
amd epyc_embedded_3101;1
amd epyc_embedded_3151;1
amd epyc_embedded_3201;1
amd epyc_embedded_3251;1
amd epyc_embedded_3255;1
amd epyc_embedded_3351;1
amd epyc_embedded_3451;1
ftsafe k13;1
ftsafe k21;1
ftsafe k40;1
ftsafe k9;1
google titan_security_key;1
nxp 3a081;1
nxp a7005a;1
nxp j2a081;1
nxp j2d081_m59;1
nxp j2d081_m61;1
nxp j2d082_m60;1
nxp j2d120_m60;1
nxp j2d145_m59;1
nxp j2e081_m64;1
nxp j2e082_m65;1
nxp j2e120_m65;1
nxp j2e145_m64;1
nxp j3a041;1
nxp j3d081_m59;1
nxp j3d081_m59_df;1
nxp j3d081_m61;1
nxp j3d081_m61_df;1
nxp j3d082_m60;1
nxp j3d120_m60;1
nxp j3d145_m59;1
nxp j3e016_m64;1
nxp j3e016_m64_df;1
nxp j3e016_m66;1
nxp j3e016_m66_df;1
nxp j3e041_m64;1
nxp j3e041_m64_df;1
nxp j3e041_m66;1
nxp j3e041_m66_df;1
nxp j3e081_m64;1
nxp j3e081_m64_df;1
nxp j3e081_m66;1
nxp j3e081_m66_df;1
nxp j3e082_m65;1
nxp j3e120_m65;1
nxp j3e145_m64;1
nxp p5010;1
nxp p5020;1
nxp p5021;1
nxp p5040;1
nxp smartmx2_p60;1
nxp smartmx3_p71d320;1
nxp smartmx3_p71d321;1
yubico yubikey_neo;1
hp color_laser_150_4zb94a;1
hp color_laser_150_4zb95a;1
hp color_laser_mfp_170_4zb96a;1
hp color_laser_mfp_170_4zb97a;1
hp color_laser_mfp_170_6hu08a;1
hp color_laser_mfp_170_6hu09a;1
hp laser_100_209u7a;1
hp laser_100_4zb79a;1
hp laser_100_4zb80a;1
hp laser_100_4zb81a;1
hp laser_100_5ue14a;1
hp laser_408_7uq75a;1
hp laser_mfp_130_4zb82a;1
hp laser_mfp_130_4zb83a;1
hp laser_mfp_130_4zb84a;1
hp laser_mfp_130_4zb85a;1
hp laser_mfp_130_4zb86a;1
hp laser_mfp_130_4zb87a;1
hp laser_mfp_130_4zb88a;1
hp laser_mfp_130_4zb89a;1
hp laser_mfp_130_4zb90a;1
hp laser_mfp_130_4zb91a;1
hp laser_mfp_130_4zb92a;1
hp laser_mfp_130_4zb93a;1
hp laser_mfp_130_5ue15a;1
hp laser_mfp_130_6hu10a;1
hp laser_mfp_130_6hu11a;1
hp laser_mfp_130_6hu12a;1
hp laser_mfp_130_9vv52a;1
hp laser_mfp_432_7uq76a;1
hp laserjet_mfp_m42523_7ab26a;1
hp laserjet_mfp_m42523_7zb25a;1
hp laserjet_mfp_m42523_7zb72a;1
hp laserjet_mfp_m42625_8af49a;1
hp laserjet_mfp_m42625_8af50a;1
hp laserjet_mfp_m42625_8af51a;1
hp laserjet_mfp_m42625_8af52a;1
hp laserjet_mfp_m433_1vr14a;1
hp laserjet_mfp_m436_2ky38a;1
hp laserjet_mfp_m436_w7u01a;1
hp laserjet_mfp_m436_w7u02a;1
hp laserjet_mfp_m437_7zb19a;1
hp laserjet_mfp_m437_7zb20a;1
hp laserjet_mfp_m437_7zb21a;1
hp laserjet_mfp_m438_8af43a;1
hp laserjet_mfp_m438_8af44a;1
hp laserjet_mfp_m438_8af45a;1
hp laserjet_mfp_m439_7zb22a;1
hp laserjet_mfp_m439_7zb23a;1
hp laserjet_mfp_m439_7zb24a;1
hp laserjet_mfp_m440_8af46a;1
hp laserjet_mfp_m440_8af47a;1
hp laserjet_mfp_m440_8af48a;1
hp laserjet_mfp_m442_8af71a;1
hp laserjet_mfp_m443_8af72a;1
hp laserjet_mfp_m72625-m72630_2zn49a;1
hp laserjet_mfp_m72625-m72630_2zn50a;1
samsung clp-360_ss062a;1
samsung clp-365_ss066a;1
samsung clp-365_ss067a;1
samsung clp-365_sw139a;1
samsung clp-366_ss068a;1
samsung clp-366_sv600a;1
samsung clp-368_sv601a;1
samsung clp-560_sv611a;1
samsung clp-560_sv612a;1
samsung clp-680_ss075a;1
samsung clp-680_ss076a;1
samsung clp-775_ss078a;1
samsung clp-775_ss079a;1
samsung clx-3300_ss088a;1
samsung clx-3300_sv677a;1
samsung clx-3305_ss093a;1
samsung clx-3305_ss094a;1
samsung clx-3305_ss095a;1
samsung clx-3305_ss096a;1
samsung clx-6260_ss105a;1
samsung clx-6260_ss106a;1
samsung clx-6260_ss107a;1
samsung clx-6260_ss108a;1
samsung clx-6260_sw177a;1
samsung ml-3750_ss138a;1
samsung ml-4510_ss141a;1
samsung ml-4512_ss142a;1
samsung ml-5010_ss145a;1
samsung ml-5012_ss146a;1
samsung ml-5015_ss147a;1
samsung ml-5017_ss148a;1
samsung ml-5510_ss149a;1
samsung ml-5510_ss150a;1
samsung ml-5510_ss151a;1
samsung ml-5510_ss152a;1
samsung ml-5510_sv897a;1
samsung ml-5510_sv898a;1
samsung ml-6510_ss153a;1
samsung ml-6510_ss154a;1
samsung ml-6510_sv899c;1
samsung ml-6510_sv900a;1
samsung ml-6510_sv901a;1
samsung multixpress_clx-9251_ss005a;1
samsung multixpress_clx-9251_sv719a;1
samsung multixpress_clx-9301_ss007a;1
samsung multixpress_clx-9301_sw152a;1
samsung multixpress_clx-9301_sw179a;1
samsung multixpress_scx-8128_ss018a;1
samsung multixpress_scx-8128_ss019a;1
samsung multixpress_scx-8128_ss020a;1
samsung multixpress_scx-8128_sw172a;1
samsung multixpress_scx-8230_ss021a;1
samsung multixpress_scx-8240_ss022a;1
samsung multixpress_scx-8240_st717a;1
samsung multixpress_scx-8240_sw185a;1
samsung multixpress_sl-k2200_ss024a;1
samsung multixpress_sl-k2200_ss025a;1
samsung multixpress_sl-k3250_ss027e;1
samsung multixpress_sl-k3300_ss028a;1
samsung multixpress_sl-k4250_ss030a;1
samsung multixpress_sl-k4250_ss031a;1
samsung multixpress_sl-k4300_ss032a;1
samsung multixpress_sl-k4350_ss033a;1
samsung multixpress_sl-k7400_ss037a;1
samsung multixpress_sl-k7400_ss038a;1
samsung multixpress_sl-k7500_ss039a;1
samsung multixpress_sl-k7500_ss040a;1
samsung multixpress_sl-k7600_ss041a;1
samsung multixpress_sl-k7600_ss042a;1
samsung multixpress_sl-m4370_ss396a;1
samsung multixpress_sl-m4370_sw117a;1
samsung multixpress_sl-m5360_ss403a;1
samsung multixpress_sl-m5370_ss404a;1
samsung multixpress_sl-m5370_sw121a;1
samsung multixpress_sl-x3220nr_ss043e;1
samsung multixpress_sl-x3280_ss044a;1
samsung multixpress_sl-x4220_ss047a;1
samsung multixpress_sl-x4250_ss048a;1
samsung multixpress_sl-x4300_ss049a;1
samsung multixpress_sl-x7400_ss053a;1
samsung multixpress_sl-x7400_ss054a;1
samsung multixpress_sl-x7500_ss055a;1
samsung multixpress_sl-x7500_ss056a;1
samsung multixpress_sl-x7600_ss058a;1
samsung multixpress_sl-x7600_ss059a;1
samsung proxpress_sl-c3010_ss201c;1
samsung proxpress_sl-c3010_ss209a;1
samsung proxpress_sl-c3010_ss210a;1
samsung proxpress_sl-c3010_ss210b;1
samsung proxpress_sl-c3010_ss210d;1
samsung proxpress_sl-c3010_ss210e;1
samsung proxpress_sl-c3010_ss210f;1
samsung proxpress_sl-c3010_ss210g;1
samsung proxpress_sl-c3010_ss210h;1
samsung proxpress_sl-c3010_ss210j;1
samsung proxpress_sl-c3010_ss210k;1
samsung proxpress_sl-c3010_ss210l;1
samsung proxpress_sl-c3010_ss210m;1
samsung proxpress_sl-c3010_ss210p;1
samsung proxpress_sl-c3060_s221b;1
samsung proxpress_sl-c3060_ss211a;1
samsung proxpress_sl-c3060_ss211c;1
samsung proxpress_sl-c3060_ss211d;1
samsung proxpress_sl-c3060_ss211e;1
samsung proxpress_sl-c3060_ss211f;1
samsung proxpress_sl-c3060_ss211g;1
samsung proxpress_sl-c3060_ss211h;1
samsung proxpress_sl-c3060_ss211j;1
samsung proxpress_sl-c3060_ss211k;1
samsung proxpress_sl-c3060_ss211l;1
samsung proxpress_sl-c3060_ss211m;1
samsung proxpress_sl-c3060_ss211n;1
samsung proxpress_sl-c3060_ss211p;1
samsung proxpress_sl-c3060_ss211q;1
samsung proxpress_sl-c3060_ss213a;1
samsung proxpress_sl-c3060_ss213b;1
samsung proxpress_sl-c3060_ss213c;1
samsung proxpress_sl-c3060_ss213d;1
samsung proxpress_sl-c3060_ss213e;1
samsung proxpress_sl-c3060_ss213f;1
samsung proxpress_sl-c3060_ss213g;1
samsung proxpress_sl-c3060_ss213h;1
samsung proxpress_sl-c4010_ss215a;1
samsung proxpress_sl-c4010_ss216a;1
samsung proxpress_sl-c4010_ss216b;1
samsung proxpress_sl-c4010_ss216c;1
samsung proxpress_sl-c4010_ss216d;1
samsung proxpress_sl-c4010_ss216e;1
samsung proxpress_sl-c4010_ss216f;1
samsung proxpress_sl-c4010_ss216g;1
samsung proxpress_sl-c4010_ss216h;1
samsung proxpress_sl-c4010_ss216j;1
samsung proxpress_sl-c4010_ss216k;1
samsung proxpress_sl-c4010_ss216l;1
samsung proxpress_sl-c4010_ss216m;1
samsung proxpress_sl-c4010_ss216n;1
samsung proxpress_sl-c4010_ss216p;1
samsung proxpress_sl-c4010_ss216q;1
samsung proxpress_sl-c4010_ss216s;1
samsung proxpress_sl-c4010_ss216t;1
samsung proxpress_sl-c4010_ss216u;1
samsung proxpress_sl-c4010_ss216v;1
samsung proxpress_sl-c4010_ss216z;1
samsung proxpress_sl-c4012_ss217a;1
samsung proxpress_sl-c4060_ss218a;1
samsung proxpress_sl-c4062_ss219a;1
samsung proxpress_sl-m3320nd_ss365a;1
samsung proxpress_sl-m3321_ss366a;1
samsung proxpress_sl-m3325_ss367a;1
samsung proxpress_sl-m3370_ss378a;1
samsung proxpress_sl-m3375fd_ss368f;1
samsung proxpress_sl-m3375fd_ss369a;1
samsung proxpress_sl-m3375fd_ss369b;1
samsung proxpress_sl-m3375fd_ss369c;1
samsung proxpress_sl-m3375fd_ss369d;1
samsung proxpress_sl-m3375fd_ss369e;1
samsung proxpress_sl-m3820_ss371a;1
samsung proxpress_sl-m3820_ss371b;1
samsung proxpress_sl-m3820_ss371c;1
samsung proxpress_sl-m3820_ss371d;1
samsung proxpress_sl-m3820_ss372c;1
samsung proxpress_sl-m3820_ss373a;1
samsung proxpress_sl-m3820_ss373b;1
samsung proxpress_sl-m3820_ss373c;1
samsung proxpress_sl-m3820_ss373d;1
samsung proxpress_sl-m3820_ss373e;1
samsung proxpress_sl-m3820_ss373f;1
samsung proxpress_sl-m3820_ss373g;1
samsung proxpress_sl-m3820_ss373h;1
samsung proxpress_sl-m3820_ss373j;1
samsung proxpress_sl-m3820_ss373k;1
samsung proxpress_sl-m3820_ss373l;1
samsung proxpress_sl-m3820_ss373m;1
samsung proxpress_sl-m3820_ss373n;1
samsung proxpress_sl-m3820_ss373p;1
samsung proxpress_sl-m3820_ss373q;1
samsung proxpress_sl-m3820_ss373s;1
samsung proxpress_sl-m3820_ss373t;1
samsung proxpress_sl-m3820_ss373u;1
samsung proxpress_sl-m3820_ss373v;1
samsung proxpress_sl-m3820_ss373w;1
samsung proxpress_sl-m3820_ss373z;1
samsung proxpress_sl-m3820_ss375b;1
samsung proxpress_sl-m3825_ss374a;1
samsung proxpress_sl-m3825_ss375a;1
samsung proxpress_sl-m3825_ss376a;1
samsung proxpress_sl-m3870_ss377a;1
samsung proxpress_sl-m3870_ss378a;1
samsung proxpress_sl-m3875_ss379a;1
samsung proxpress_sl-m3875_ss380a;1
samsung proxpress_sl-m3875_ss381a;1
samsung proxpress_sl-m3875_ss382a;1
samsung proxpress_sl-m4020_4pt7b;1
samsung proxpress_sl-m4020_4pt87a;1
samsung proxpress_sl-m4020_ss383c;1
samsung proxpress_sl-m4020_ss383k;1
samsung proxpress_sl-m4020_ss383l;1
samsung proxpress_sl-m4020_ss383x;1
samsung proxpress_sl-m4020_ss383y;1
samsung proxpress_sl-m4024_ss385a;1
samsung proxpress_sl-m4025_ss386a;1
samsung proxpress_sl-m4025_ss387a;1
samsung proxpress_sl-m4030_ss388a;1
samsung proxpress_sl-m4070_ss389j;1
samsung proxpress_sl-m4070_ss390c;1
samsung proxpress_sl-m4072_ss391a;1
samsung proxpress_sl-m4075_ss392a;1
samsung proxpress_sl-m4075_ss393a;1
samsung proxpress_sl-m4075_ss394a;1
samsung proxpress_sl-m4080_ss395a;1
samsung proxpress_sl-m4530_ss397e;1
samsung proxpress_sl-m4530_ss397g;1
samsung proxpress_sl-m4530_ss398d;1
samsung proxpress_sl-m4560_ss399a;1
samsung proxpress_sl-m4560_ss400a;1
samsung proxpress_sl-m4580_ss401a;1
samsung proxpress_sl-m4580_ss402a;1
samsung scx-3400_ss155a;1
samsung scx-3400_ss156a;1
samsung scx-3400_sv938a;1
samsung scx-3401_ss157a;1
samsung scx-3401_ss158a;1
samsung scx-3401_sv393a;1
samsung scx-3405_ss159a;1
samsung scx-3405_ss160a;1
samsung scx-3405_ss161a;1
samsung scx-3405_ss162a;1
samsung scx-3405_ss163a;1
samsung scx-3405_sv943a;1
samsung scx-3405_sw313a;1
samsung scx-3405_sw314a;1
samsung scx-3406_ss164a;1
samsung scx-3406_sv298a;1
samsung scx-3406_sv945a;1
samsung scx-3406_sv946a;1
samsung scx-3406_sv947a;1
samsung scx-3406_sw127a;1
samsung scx-4021_ss165a;1
samsung scx-4521_ss167a;1
samsung scx-4521_ss168a;1
samsung scx-4521_sv530a;1
samsung scx-4521_sv966a;1
samsung scx-4521_sv967a;1
samsung scx-4521_sv968a;1
samsung scx-4521_sv969a;1
samsung scx-4521_sw129a;1
samsung scx-4650_sb983a;1
samsung scx-4650_ss171a;1
samsung scx-4650_ss172a;1
samsung scx-4655_ss174a;1
samsung scx-4655_sv988a;1
samsung scx-4655_sv989a;1
samsung scx-4833_ss180a;1
samsung scx-4833_ss181a;1
samsung scx-4833_sw019a;1
samsung scx-4835_sw020a;1
samsung scx-4835_sw021a;1
samsung scx-5635_sw040a;1
samsung scx-5635_sw041a;1
samsung scx-5635_sw093a;1
samsung scx-5637_ss182a;1
samsung scx-5637_sw043a;1
samsung scx-5639_st676a;1
samsung scx-5737_ss183a;1
samsung scx-5737_sw045a;1
samsung scx-5737_sw046a;1
samsung sf-760_ss195a;1
samsung sf-760_ss196a;1
samsung sf-760_ss197a;1
samsung sf-760_ss198a;1
samsung sf-760_ss199a;1
samsung xpress_sl-c1860_ss205a;1
samsung xpress_sl-c430_ss229a;1
samsung xpress_sl-c430_ss230a;1
samsung xpress_sl-c480_ss254a;1
samsung xpress_sl-c480_ss255a;1
samsung xpress_sl-c480_ss256a;1
samsung xpress_sl-c480_ss257a;1
samsung xpress_sl-m2020_ss271a;1
samsung xpress_sl-m2020_ss272a;1
samsung xpress_sl-m2070_ss293a;1
samsung xpress_sl-m2070_ss294a;1
samsung xpress_sl-m2070_ss295a;1
samsung xpress_sl-m2070_ss296a;1
samsung xpress_sl-m2070_ss297a;1
samsung xpress_sl-m2070_ss298a;1
samsung xpress_sl-m2620_ss322a;1
samsung xpress_sl-m2620_ss323a;1
samsung xpress_sl-m2620_ss324a;1
samsung xpress_sl-m2621_ss325a;1
samsung xpress_sl-m2625_ss326a;1
samsung xpress_sl-m2625_ss327a;1
samsung xpress_sl-m2626_ss328a;1
samsung xpress_sl-m2626_ss329a;1
samsung xpress_sl-m2670_ss330a;1
samsung xpress_sl-m2670_ss331a;1
samsung xpress_sl-m2671_ss332a;1
samsung xpress_sl-m2671_ss333a;1
samsung xpress_sl-m2675_ss334a;1
samsung xpress_sl-m2675_ss335a;1
samsung xpress_sl-m2675_ss336a;1
samsung xpress_sl-m2675_sw112a;1
samsung xpress_sl-m2676_ss337a;1
samsung xpress_sl-m2676_ss338a;1
samsung xpress_sl-m2676_sw113a;1
samsung xpress_sl-m2820_ss339a;1
samsung xpress_sl-m2820_ss340a;1
samsung xpress_sl-m2821_ss341a;1
samsung xpress_sl-m2825_ss342a;1
samsung xpress_sl-m2825_ss343a;1
samsung xpress_sl-m2826_ss344a;1
samsung xpress_sl-m2835_ss346a;1
samsung xpress_sl-m2870_ss348a;1
samsung xpress_sl-m2870_ss349a;1
samsung xpress_sl-m2871_ss350a;1
samsung xpress_sl-m2875_ss351a;1
samsung xpress_sl-m2875_ss352a;1
samsung xpress_sl-m2875_ss353a;1
samsung xpress_sl-m2875_ss354a;1
samsung xpress_sl-m2876_ss355a;1
samsung xpress_sl-m2876_ss356a;1
samsung xpress_sl-m2876_ss357a;1
samsung xpress_sl-m2880_ss358a;1
samsung xpress_sl-m2885_ss359a;1
samsung xpress_sl-m3015_ss360a;1
canon -;1
